tick_id,time_sec,source_frame_id,left_elbow_roll_deg,left_elbow_pitch_deg,left_wrist_pitch_deg,left_wrist_roll_deg,left_gripper_norm,left_valid,right_elbow_roll_deg,right_elbow_pitch_deg,right_wrist_pitch_deg,right_wrist_roll_deg,right_gripper_norm,right_valid
1,0.000000,1,90.006752,89.993248,90,90,1,1,89.993248,89.993248,90,90,1,1
2,0.020000,1,90.0269089,89.9730911,90,90,1,1,89.9730911,89.9730911,90,90,1,1
3,0.040000,1,90.060318,89.939682,90,90,1,1,89.939682,89.939682,90,90,1,1
4,0.060000,2,90.1068268,89.8931732,90,90,1,1,89.8931732,89.8931732,90,90,1,1
5,0.080000,2,90.166275,89.833725,90,90,1,1,89.833725,89.833725,90,90,1,1
6,0.100000,3,90.2385101,89.7614899,90,90,1,1,89.7614899,89.7614899,90,90,1,1
7,0.120000,3,90.3233871,89.6766129,90,90,1,1,89.6766129,89.6766129,90,90,1,1
8,0.140000,3,90.4207382,89.5792618,90,90,1,1,89.5792618,89.5792618,90,90,1,1
9,0.160000,4,90.5304108,89.4695892,90,90,1,1,89.4695892,89.4695892,90,90,1,1
10,0.180000,4,90.6522675,89.3477325,90,90,1,1,89.3477325,89.3477325,90,90,1,1
11,0.200000,5,91.2500916,88.7757721,90,90,1,1,88.7499084,88.7824554,90,90,1,1
12,0.220000,5,91.8479156,88.203804,90,90,1,1,88.1520844,88.2171783,90,90,1,1
13,0.240000,5,92.4457397,87.6318436,90,90,1,1,87.5542603,87.6519012,90,90,1,1
14,0.260000,6,93.0435638,87.106163,90,90,1,1,86.9564362,87.1338577,90,90,1,1
15,0.280000,6,93.6413879,86.5804901,90,90,1,1,86.3586121,86.6158218,90,90,1,1
16,0.300000,7,94.239212,86.108284,90,90,1,1,85.760788,86.1493683,90,90,1,1
17,0.320000,7,94.8370361,85.6360779,90,90,1,1,85.1629639,85.6829147,90,90,1,1
18,0.340000,7,95.4348602,85.1638718,90,90,1,1,84.5651398,85.2164612,90,90,1,1
19,0.360000,8,96.0326843,84.7500839,90,90,1,1,83.9673157,84.8063736,90,90,1,1
20,0.380000,8,96.6305084,84.3362961,90,90,1,1,83.3694916,84.3962784,90,90,1,1
21,0.400000,9,97.2283325,83.982872,90,90,1,1,82.7716675,84.0451813,90,90,1,1
22,0.420000,9,97.8261566,83.6294403,90,90,1,1,82.1738434,83.6940842,90,90,1,1
23,0.440000,9,98.4239883,83.2760162,90,90,1,1,81.5760117,83.3429871,90,90,1,1
24,0.460000,10,99.0218124,82.983551,90,90,1,1,80.9781876,83.052063,90,90,1,1
25,0.480000,10,99.6196365,82.6910782,90,90,1,1,80.3803635,82.7611465,90,90,1,1
26,0.500000,11,100.217461,82.4581985,90,90,1,1,79.7825394,82.5293427,90,90,1,1
27,0.520000,11,100.815285,82.2253113,90,90,1,1,79.1847153,82.2975464,90,90,1,1
28,0.540000,11,101.413116,81.9924316,90,90,1,1,78.5868835,82.0657425,90,90,1,1
29,0.560000,12,102.010941,81.8180618,90,90,1,1,77.9890594,81.8916168,90,90,1,1
30,0.580000,12,102.608765,81.6436844,90,90,1,1,77.3912354,81.7174911,90,90,1,1
31,0.600000,13,103.206589,81.5269318,90,90,1,1,76.7934113,81.5989838,90,90,1,1
32,0.620000,13,103.804413,81.4101791,90,90,1,1,76.1955872,81.4804764,90,90,1,1
33,0.640000,13,104.402237,81.2934265,90,90,1,1,75.5977631,81.361969,90,90,1,1
34,0.660000,14,105.000061,81.2354279,90,90,1,1,74.999939,81.3008652,90,90,1,1
35,0.680000,14,105.597885,81.1774368,90,90,1,1,74.4021149,81.2397614,90,90,1,1
36,0.700000,15,106.195709,81.1804276,90,90,1,1,73.8042908,81.2387238,90,90,1,1
37,0.720000,15,106.793533,81.1834106,90,90,1,1,73.2064667,81.2376862,90,90,1,1
38,0.740000,15,107.391365,81.1864014,90,90,1,1,72.6086349,81.2366486,90,90,1,1
39,0.760000,16,107.989189,81.255249,90,90,1,1,72.0108109,81.300705,90,90,1,1
40,0.780000,16,108.587013,81.3240967,90,90,1,1,71.4129868,81.3647614,90,90,1,1
41,0.800000,17,109.184837,81.4648514,90,90,1,1,70.8151627,81.5003662,90,90,1,1
42,0.820000,17,109.782661,81.6055984,90,90,1,1,70.2173386,81.6359634,90,90,1,1
43,0.840000,17,110.380493,81.7463531,90,90,1,1,69.6195068,81.7715683,90,90,1,1
44,0.860000,18,110.978317,81.9670868,90,90,1,1,69.0216827,81.9880676,90,90,1,1
45,0.880000,18,111.576141,82.1878204,90,90,1,1,68.4238586,82.2045593,90,90,1,1
46,0.900000,19,112.173965,82.4952316,90,90,1,1,67.8260345,82.5108871,90,90,1,1
47,0.920000,19,112.77179,82.8026428,90,90,1,1,67.2282104,82.8172226,90,90,1,1
48,0.940000,19,113.369621,83.110054,90,90,1,1,66.6303787,83.1235504,90,90,1,1
49,0.960000,20,113.967445,83.5088882,90,90,1,1,66.0325546,83.5269547,90,90,1,1
50,0.980000,20,114.565269,83.9077225,90,90,1,1,65.4347305,83.9303589,90,90,1,1
51,1.000000,21,115.163094,84.3955002,90,90,1,1,64.8369064,84.4294968,90,90,1,1
52,1.020000,21,115.760918,84.8832703,90,90,1,1,64.2390823,84.9286346,90,90,1,1
53,1.040000,21,116.358749,85.371048,90,90,1,1,63.6412544,85.4277725,90,90,1,1
54,1.060000,22,116.956573,85.939621,90,90,1,1,63.0434303,86.013237,90,90,1,1
55,1.080000,22,117.554398,86.5081863,90,90,1,1,62.4456024,86.5986938,90,90,1,1
56,1.100000,23,118.112892,87.1018295,90,90,1,1,61.9014282,87.1945801,90,90,1,1
57,1.120000,23,118.671387,87.6954803,90,90,1,1,61.357254,87.7904587,90,90,1,1
58,1.140000,23,119.229881,88.2891235,90,90,1,1,60.8130798,88.3863449,90,90,1,1
59,1.159999,24,119.745956,88.8824844,90,90,1,1,60.3092155,88.9806976,90,90,1,1
60,1.179999,24,120.262039,89.4758377,90,90,1,1,59.8053513,89.575058,90,90,1,1
61,1.199999,25,120.752632,90.0697327,90,90,1,1,59.3199196,90.1740189,90,90,1,1
62,1.219999,25,121.243225,90.6636353,90,90,1,1,58.8344879,90.7729721,90,90,1,1
63,1.239999,25,121.733818,91.2575302,90,90,1,1,58.3490562,91.371933,90,90,1,1
64,1.259999,26,122.212143,91.8549271,90,90,1,1,57.8756104,91.9699402,90,90,1,1
65,1.279999,26,122.690475,92.4523239,90,90,1,1,57.4021645,92.5679474,90,90,1,1
66,1.299999,27,123.16275,93.0513229,90,90,1,1,56.934639,93.1627502,90,90,1,1
67,1.319999,27,123.635017,93.650322,90,90,1,1,56.4671097,93.7575531,90,90,1,1
68,1.339999,27,124.107292,94.249321,90,90,1,1,55.9995842,94.352356,90,90,1,1
69,1.359999,28,124.579567,94.84832,90,90,1,1,55.5259056,94.9522858,90,90,1,1
70,1.379999,28,125.051834,95.447319,90,90,1,1,55.052227,95.5522156,90,90,1,1
71,1.399999,29,125.524109,96.0435867,90,90,1,1,54.5785484,96.1444702,90,90,1,1
72,1.419999,29,125.996376,96.6398621,90,90,1,1,54.1048698,96.7367249,90,90,1,1
73,1.439999,29,126.468651,97.2361298,90,90,1,1,53.6311913,97.3289795,90,90,1,1
74,1.459999,30,126.94767,97.8338318,90,90,1,1,53.1437836,97.9269104,90,90,1,1
75,1.479999,30,127.426689,98.4315414,90,90,1,1,52.6563759,98.5248413,90,90,1,1
76,1.499999,31,127.912857,99.0283661,90,90,1,1,52.1615829,99.1182632,90,90,1,1
77,1.519999,31,128.399033,99.6251831,90,90,1,1,51.66679,99.7116852,90,90,1,1
78,1.539999,31,128.885193,100.222008,90,90,1,1,51.1719971,100.305107,90,90,1,1
79,1.559999,32,129.379074,100.816887,90,90,1,1,50.6609802,100.90313,90,90,1,1
80,1.579999,32,129.872971,101.411758,90,90,1,1,50.1499634,101.501152,90,90,1,1
81,1.599999,33,130.375092,102.004753,90,90,1,1,49.6301346,102.094536,90,90,1,1
82,1.619999,33,130.877197,102.597755,90,90,1,1,49.1103096,102.68792,90,90,1,1
83,1.639999,33,131.379318,103.19075,90,90,1,1,48.5904808,103.281303,90,90,1,1
84,1.659999,34,131.890396,103.782661,90,90,1,1,48.0610275,103.871147,90,90,1,1
85,1.679999,34,132.401489,104.37458,90,90,1,1,47.5315742,104.460983,90,90,1,1
86,1.699999,34,132.912567,104.966492,90,90,1,1,47.002121,105.050827,90,90,1,1
87,1.719999,35,133.433472,105.558815,90,90,1,1,46.4620781,105.638863,90,90,1,1
88,1.739999,35,133.954391,106.151138,90,90,1,1,45.9220352,106.226906,90,90,1,1
89,1.759999,36,134.485931,106.745888,90,90,1,1,45.3705025,106.815407,90,90,1,1
90,1.779999,36,135.017471,107.340637,90,90,1,1,44.8189697,107.403915,90,90,1,1
91,1.799999,36,135.549026,107.935387,90,90,1,1,44.267437,107.992416,90,90,1,1
92,1.819999,37,136.092377,108.535088,90,90,1,1,43.7030792,108.584099,90,90,1,1
93,1.839999,37,136.635742,109.134796,90,90,1,1,43.1387177,109.175781,90,90,1,1
94,1.859999,38,137.179092,109.728188,90,90,1,1,42.5602493,109.773727,90,90,1,1
95,1.879999,38,137.722458,110.321587,90,90,1,1,41.981781,110.371666,90,90,1,1
96,1.899999,38,138.265808,110.914978,90,90,1,1,41.4033127,110.969612,90,90,1,1
97,1.919999,39,138.809158,111.50399,90,90,1,1,40.8248444,111.561142,90,90,1,1
98,1.939999,39,139.352524,112.093002,90,90,1,1,40.246376,112.152679,90,90,1,1
99,1.959999,40,139.895874,112.682014,90,90,1,1,39.6679077,112.744209,90,90,1,1
100,1.979999,40,140.439224,113.271034,90,90,1,1,39.0894394,113.335747,90,90,1,1
101,1.999999,40,140.982574,113.860046,90,90,1,1,38.5109749,113.927277,90,90,1,1
102,2.019999,41,141.52594,114.449059,90,90,1,1,37.9325066,114.518806,90,90,1,1
103,2.039999,41,142.06929,115.038071,90,90,1,1,37.3540382,115.110344,90,90,1,1
104,2.059999,42,142.61264,115.627083,90,90,1,1,36.7755699,115.701874,90,90,1,1
105,2.079999,42,143.156006,116.216095,90,90,1,1,36.1971016,116.293404,90,90,1,1
106,2.099999,42,143.699356,116.805115,90,90,1,1,35.6186333,116.884941,90,90,1,1
107,2.119999,43,144.261444,117.398048,90,90,1,1,35.0401649,117.455696,90,90,1,1
108,2.139999,43,144.823532,117.99099,90,90,1,1,34.4616966,118.026443,90,90,1,1
109,2.159999,44,145.407242,118.555908,90,90,1,1,33.8832283,118.54248,90,90,1,1
110,2.179999,44,145.990952,119.120834,90,90,1,1,33.30476,119.058517,90,90,1,1
111,2.199999,44,146.574661,119.68576,90,90,1,1,32.7262917,119.574547,90,90,1,1
112,2.219999,45,147.158371,120.133804,90,90,1,1,32.1478233,119.968765,90,90,1,1
113,2.239999,45,147.742081,120.581856,90,90,1,1,31.569355,120.362984,90,90,1,1
114,2.259999,46,148.32579,120.813728,90,90,1,1,30.9908867,120.534943,90,90,1,1
115,2.279999,46,148.9095,121.045609,90,90,1,1,30.4124203,120.706894,90,90,1,1
116,2.299999,46,149.49321,121.277481,90,90,1,1,29.833952,120.878853,90,90,1,1
117,2.319999,47,150.07692,121.135544,90,90,1,1,29.2554836,120.667816,90,90,1,1
118,2.339998,47,150.660629,120.993607,90,90,1,1,28.6770172,120.456779,90,90,1,1
119,2.359998,48,151.152176,120.40506,90,90,1,1,28.243166,119.870888,90,90,1,1
120,2.379998,48,151.643723,119.816505,90,90,1,1,27.8093147,119.284988,90,90,1,1
121,2.399998,48,152.135269,119.227959,90,90,1,1,27.3754654,118.699097,90,90,1,1
122,2.419998,49,152.366577,118.639862,90,90,1,1,27.1585407,118.108711,90,90,1,1
123,2.439998,49,152.5979,118.051758,90,90,1,1,26.9416142,117.518326,90,90,1,1
124,2.459998,50,152.743042,117.460556,90,90,1,1,26.8027821,116.923553,90,90,1,1
125,2.479998,50,152.888184,116.869354,90,90,1,1,26.66395,116.328773,90,90,1,1
126,2.499998,50,153.033325,116.278152,90,90,1,1,26.5251179,115.734001,90,90,1,1
127,2.519998,51,153.138885,115.679787,90,90,1,1,26.4247322,115.139725,90,90,1,1
128,2.539998,51,153.244431,115.081429,90,90,1,1,26.3243446,114.545456,90,90,1,1
129,2.559998,52,153.327835,114.482544,90,90,1,1,26.2442894,113.947197,90,90,1,1
130,2.579998,52,153.41124,113.883659,90,90,1,1,26.1642342,113.348938,90,90,1,1
131,2.599998,52,153.494644,113.284782,90,90,1,1,26.0841789,112.750679,90,90,1,1
132,2.619998,53,153.56459,112.68557,90,90,1,1,26.0173206,112.155846,90,90,1,1
133,2.639998,53,153.634537,112.086357,90,90,1,1,25.9504604,111.561012,90,90,1,1
134,2.659998,54,153.69574,111.487358,90,90,1,1,25.8915443,110.963158,90,90,1,1
135,2.679998,54,153.756943,110.888367,90,90,1,1,25.8326302,110.365295,90,90,1,1
136,2.699998,54,153.818161,110.289368,90,90,1,1,25.7737141,109.767441,90,90,1,1
137,2.719998,55,153.873352,109.690147,90,90,1,1,25.7207451,109.172173,90,90,1,1
138,2.739998,55,153.928558,109.090927,90,90,1,1,25.6677742,108.576904,90,90,1,1
139,2.759998,56,153.979156,108.494949,90,90,1,1,25.6184883,107.976944,90,90,1,1
140,2.779998,56,154.029755,107.898972,90,90,1,1,25.5692043,107.376991,90,90,1,1
141,2.799998,56,154.080338,107.302994,90,90,1,1,25.5199184,106.777031,90,90,1,1
142,2.819998,57,154.127701,106.70726,90,90,1,1,25.4706345,106.177078,90,90,1,1
143,2.839998,57,154.175049,106.111534,90,90,1,1,25.4213486,105.577118,90,90,1,1
144,2.859998,58,154.2202,105.512306,90,90,1,1,25.3720646,104.977165,90,90,1,1
145,2.879998,58,154.265366,104.913078,90,90,1,1,25.3227787,104.377205,90,90,1,1
146,2.899998,58,154.310516,104.313858,90,90,1,1,25.2734947,103.777252,90,90,1,1
147,2.919998,59,154.353622,103.715843,90,90,1,1,25.2242088,103.177292,90,90,1,1
148,2.939998,59,154.396713,103.117821,90,90,1,1,25.1749249,102.577332,90,90,1,1
149,2.959998,60,154.438217,102.52018,90,90,1,1,25.125639,101.977379,90,90,1,1
150,2.979998,60,154.479721,101.922539,90,90,1,1,25.076355,101.377419,90,90,1,1
151,2.999998,60,154.521225,101.324898,90,90,1,1,25.0270691,100.777466,90,90,1,1
152,3.019998,61,154.561508,100.726921,90,90,1,1,24.9777851,100.177505,90,90,1,1
153,3.039998,61,154.601791,100.128944,90,90,1,1,24.9284992,99.5775528,90,90,1,1
154,3.059998,62,154.642075,99.5309677,90,90,1,1,24.8792152,98.9775925,90,90,1,1
155,3.079998,62,154.682373,98.932991,90,90,1,1,24.8299294,98.3776398,90,90,1,1
156,3.099998,62,154.722656,98.3350143,90,90,1,1,24.7806435,97.7776794,90,90,1,1
157,3.119998,63,154.762939,97.7370377,90,90,1,1,24.7313595,97.1777267,90,90,1,1
158,3.139998,63,154.803223,97.1390533,90,90,1,1,24.6820736,96.5777664,90,90,1,1
159,3.159998,64,154.843506,96.5410767,90,90,1,1,24.6327896,95.9778137,90,90,1,1
160,3.179998,64,154.883789,95.9431,90,90,1,1,24.5835037,95.3778534,90,90,1,1
161,3.199998,64,154.924072,95.3451233,90,90,1,1,24.5342197,94.7778931,90,90,1,1
162,3.219998,65,154.964355,94.7471466,90,90,1,1,24.4849339,94.1779404,90,90,1,1
163,3.239998,65,155.004639,94.1491699,90,90,1,1,24.4356499,93.57798,90,90,1,1
164,3.259998,66,155.044937,93.5511932,90,90,1,1,24.386364,92.9780273,90,90,1,1
165,3.279998,66,155.08522,92.9532166,90,90,1,1,24.33708,92.378067,90,90,1,1
166,3.299998,66,155.125504,92.3552399,90,90,1,1,24.2877941,91.7781143,90,90,1,1
167,3.319998,67,155.165787,91.7572632,90,90,1,1,24.2385101,91.178154,90,90,1,1
168,3.339998,67,155.20607,91.1592865,90,90,1,1,24.1892242,90.5782013,90,90,1,1
169,3.359998,68,155.246353,90.5613098,90,90,1,1,24.1399403,89.978241,90,90,1,1
170,3.379997,68,155.286636,89.9633331,90,90,1,1,24.0906544,89.3782806,90,90,1,1
171,3.399997,68,155.326935,89.3653564,90,90,1,1,24.0413704,88.7783279,90,90,1,1
172,3.419997,69,155.367218,88.7673798,90,90,1,1,23.9920845,88.1783676,90,90,1,1
173,3.439997,69,155.407501,88.1694031,90,90,1,1,23.9427986,87.5784149,90,90,1,1
174,3.459997,70,155.449249,87.5708847,90,90,1,1,23.8935146,86.9784546,90,90,1,1
175,3.479997,70,155.490997,86.9723663,90,90,1,1,23.8442287,86.3785019,90,90,1,1
176,3.499997,70,155.532745,86.373848,90,90,1,1,23.7949448,85.7785416,90,90,1,1
177,3.519997,71,155.576981,85.7784882,90,90,1,1,23.7456589,85.1785889,90,90,1,1
178,3.539997,71,155.621201,85.1831284,90,90,1,1,23.6963749,84.5786285,90,90,1,1
179,3.559997,72,155.669327,84.5857468,90,90,1,1,23.647089,83.9786758,90,90,1,1
180,3.579997,72,155.717438,83.9883652,90,90,1,1,23.597805,83.3787155,90,90,1,1
181,3.599997,72,155.765564,83.390976,90,90,1,1,23.5485191,82.7787628,90,90,1,1
182,3.619997,73,155.818497,82.7984543,90,90,1,1,23.4992352,82.1788025,90,90,1,1
183,3.639997,73,155.871429,82.2059326,90,90,1,1,23.4499493,81.5788422,90,90,1,1
184,3.659997,74,155.932144,81.6092377,90,90,1,1,23.4006653,80.9788895,90,90,1,1
185,3.679997,74,155.992859,81.0125504,90,90,1,1,23.3513794,80.3789368,90,90,1,1
186,3.699997,74,156.053574,80.4158554,90,90,1,1,23.3020935,79.7789764,90,90,1,1
187,3.719997,75,156.12532,79.8192291,90,90,1,1,23.2528095,79.1790161,90,90,1,1
188,3.739997,75,156.197083,79.2225952,90,90,1,1,23.2035255,78.5790634,90,90,1,1
189,3.759997,76,156.285522,78.6297989,90,90,1,1,23.1542397,77.9791031,90,90,1,1
190,3.779997,76,156.373962,78.0370026,90,90,1,1,23.1049538,77.3791504,90,90,1,1
191,3.799997,76,156.462402,77.4442062,90,90,1,1,23.0556698,76.7791901,90,90,1,1
192,3.819997,77,156.580322,76.8575668,90,90,1,1,23.0063839,76.1792297,90,90,1,1
193,3.839997,77,156.698242,76.2709198,90,90,1,1,22.9570999,75.579277,90,90,1,1
194,3.859997,78,156.881668,75.6871948,90,90,1,1,22.907814,74.9793243,90,90,1,1
195,3.879997,78,157.065109,75.1034622,90,90,1,1,22.85853,74.379364,90,90,1,1
196,3.899997,78,157.248535,74.5197296,90,90,1,1,22.8092442,73.7794037,90,90,1,1
197,3.919997,79,157.707108,73.9882278,90,90,1,1,22.7599602,73.179451,90,90,1,1
198,3.939997,79,158.165695,73.4567261,90,90,1,1,22.7106743,72.5794907,90,90,1,1
199,3.959997,80,158.532562,74.0478058,90,90,1,1,22.6613903,71.979538,90,90,1,1
200,3.979997,80,158.899414,74.6388855,90,90,1,1,22.6121044,71.3795776,90,90,1,1
201,3.999997,80,159.266281,75.2299728,90,90,1,1,22.5628204,70.7796173,90,90,1,1
202,4.019997,81,159.339661,75.7965164,90,90,1,1,22.5135345,70.1796646,90,90,1,1
203,4.039997,81,159.413025,76.36306,90,90,1,1,22.4642506,69.5797119,90,90,1,1
204,4.059997,82,159.454956,76.9577866,90,90,1,1,22.4149647,68.9797516,90,90,1,1
205,4.079997,82,159.496872,77.5525131,90,90,1,1,22.3656807,68.3797913,90,90,1,1
206,4.099997,82,159.538803,78.1472397,90,90,1,1,22.3163948,67.7798309,90,90,1,1
207,4.119997,83,159.567627,78.746048,90,90,1,1,22.2671089,67.1798782,90,90,1,1
208,4.139997,83,159.596451,79.3448563,90,90,1,1,22.2178249,66.5799255,90,90,1,1
209,4.159997,84,159.618866,79.9349136,90,90,1,1,22.168539,65.9799652,90,90,1,1
210,4.179997,84,159.641296,80.524971,90,90,1,1,22.1192551,65.3800049,90,90,1,1
211,4.199997,84,159.663712,81.1150284,90,90,1,1,22.0699692,64.7800522,90,90,1,1
212,4.219997,85,159.682388,81.6852264,90,90,1,1,22.0206852,64.1800995,90,90,1,1
213,4.239997,85,159.70108,82.2554245,90,90,1,1,21.9713993,63.5801353,90,90,1,1
214,4.259997,86,159.718658,82.8264923,90,90,1,1,21.9221153,62.9801826,90,90,1,1
215,4.279997,86,159.736252,83.3975677,90,90,1,1,21.8728294,62.3802261,90,90,1,1
216,4.299997,86,159.75383,83.9686356,90,90,1,1,21.8235455,61.7802696,90,90,1,1
217,4.319997,87,159.772766,84.5659409,90,90,1,1,21.7742596,61.1803093,90,90,1,1
218,4.339997,87,159.791702,85.1632462,90,90,1,1,21.7249756,60.5803528,90,90,1,1
219,4.359997,88,159.812531,85.7186432,90,90,1,1,21.6756897,59.9803963,90,90,1,1
220,4.379997,88,159.833359,86.2740402,90,90,1,1,21.6264038,59.3804436,90,90,1,1
221,4.399997,88,159.854187,86.8294449,90,90,1,1,21.5771198,58.7804832,90,90,1,1
222,4.419997,89,159.89064,87.3623352,90,90,1,1,21.5278358,58.1805267,90,90,1,1
223,4.439997,89,159.927094,87.8952332,90,90,1,1,21.47855,57.5805702,90,90,1,1
224,4.459997,90,159.951401,87.4384003,90,90,1,1,21.4292641,56.9806137,90,90,1,1
225,4.479997,90,159.975693,86.981575,90,90,1,1,21.3799801,56.3806534,90,90,1,1
226,4.499997,90,160,86.5247421,90,90,1,1,21.3306961,55.7807007,90,90,1,1
227,4.519997,91,160,86.4205551,90,90,1,1,21.2814102,55.1807442,90,90,1,1
228,4.539997,91,160,86.1413498,90,90,1,1,21.2321243,54.5807877,90,90,1,1
229,4.559997,92,160,85.5771713,90,90,1,1,21.1828403,53.9808273,90,90,1,1
230,4.579997,92,160,85.0129929,90,90,1,1,21.1335545,53.3808708,90,90,1,1
231,4.599997,92,160,84.448822,90,90,1,1,21.0842705,52.7809143,90,90,1,1
232,4.619997,93,160,83.8834991,90,90,1,1,21.0349846,52.1809616,90,90,1,1
233,4.639997,93,160,83.3181686,90,90,1,1,20.9857006,51.5810013,90,90,1,1
234,4.659997,94,160,82.7367172,90,90,1,1,20.9364147,50.9810448,90,90,1,1
235,4.679996,94,160,82.1552582,90,90,1,1,20.8871307,50.3810883,90,90,1,1
236,4.699996,94,160,81.5738068,90,90,1,1,20.8378448,49.7811279,90,90,1,1
237,4.719996,95,160,80.974678,90,90,1,1,20.788559,49.1811714,90,90,1,1
238,4.739996,95,160,80.3755417,90,90,1,1,20.739275,48.5812187,90,90,1,1
239,4.759996,96,160,79.7820053,90,90,1,1,20.689991,47.9812622,90,90,1,1
240,4.779996,96,160,79.1884689,90,90,1,1,20.6407051,47.3813019,90,90,1,1
241,4.799996,96,160,78.5949326,90,90,1,1,20.5914192,46.7813454,90,90,1,1
242,4.819996,97,160,78.0033035,90,90,1,1,20.5421352,46.1813889,90,90,1,1
243,4.839996,97,160,77.4116669,90,90,1,1,20.4928493,45.5814323,90,90,1,1
244,4.859996,98,160,76.8216171,90,90,1,1,20.4435654,44.9814758,90,90,1,1
245,4.879996,98,160,76.231575,90,90,1,1,20.3942795,44.3815231,90,90,1,1
246,4.899996,98,160,75.6415253,90,90,1,1,20.3449955,43.7815628,90,90,1,1
247,4.919996,99,160,75.0541534,90,90,1,1,20.2957096,43.1816025,90,90,1,1
248,4.939996,99,160,74.4667816,90,90,1,1,20.2464256,42.5816498,90,90,1,1
249,4.959996,100,160,73.8723297,90,90,1,1,20.1971397,41.9816895,90,90,1,1
250,4.979996,100,160,73.2778778,90,90,1,1,20.1478558,41.3817368,90,90,1,1
251,4.999996,100,160,72.6834259,90,90,1,1,20.0985699,40.7817764,90,90,1,1
252,5.019996,101,160,72.0865555,90,90,1,1,20.0492859,40.1818237,90,90,1,1
253,5.039996,101,160,71.4896851,90,90,1,1,20,39.5818634,90,90,1,1
254,5.059996,102,160,70.8950119,90,90,1,1,20,39.5818634,90,90,1,1
255,5.079996,102,160,70.3003311,90,90,1,1,20,39.5818634,90,90,1,1
256,5.099996,102,160,69.705658,90,90,1,1,20,39.5818634,90,90,1,1
257,5.119996,103,160,69.1083984,90,90,1,1,20,39.5818634,90,90,1,1
258,5.139996,103,160,68.5111389,90,90,1,1,20,39.5818634,90,90,1,1
259,5.159996,104,160,67.9165497,90,90,1,1,20,39.5818634,90,90,1,1
260,5.179996,104,160,67.3219528,90,90,1,1,20,39.5818634,90,90,1,1
261,5.199996,104,160,66.7273636,90,90,1,1,20,39.5818634,90,90,1,1
262,5.219996,105,160,66.1311874,90,90,1,1,20,39.5818634,90,90,1,1
263,5.239996,105,160,65.5350189,90,90,1,1,20,39.5818634,90,90,1,1
264,5.259996,106,160,64.9420776,90,90,1,1,20,39.5818634,90,90,1,1
265,5.279996,106,160,64.3491364,90,90,1,1,20,39.5818634,90,90,1,1
266,5.299996,106,160,63.7561913,90,90,1,1,20,39.5818634,90,90,1,1
267,5.319996,107,160,63.1622162,90,90,1,1,20,39.5818634,90,90,1,1
268,5.339996,107,160,62.5682449,90,90,1,1,20,39.5818634,90,90,1,1
269,5.359996,108,160,61.9686928,90,90,1,1,20,39.5818634,90,90,1,1
270,5.379996,108,160,61.3691406,90,90,1,1,20,39.5818634,90,90,1,1
271,5.399996,108,160,60.7695885,90,90,1,1,20,39.5818634,90,90,1,1
272,5.419996,109,160,60.1700325,90,90,1,1,20,39.5818634,90,90,1,1
273,5.439996,109,160,59.5704803,90,90,1,1,20,39.5818634,90,90,1,1
274,5.459996,110,160,58.9709282,90,90,1,1,20,39.5818634,90,90,1,1
275,5.479996,110,160,58.371376,90,90,1,1,20,39.5818634,90,90,1,1
276,5.499996,110,160,57.7718239,90,90,1,1,20,39.5818634,90,90,1,1
277,5.519996,111,160,57.1722717,90,90,1,1,20,39.5818634,90,90,1,1
278,5.539996,111,160,56.5727158,90,90,1,1,20,39.5818634,90,90,1,1
279,5.559996,112,160,55.9731636,90,90,1,1,20,39.5818634,90,90,1,1
280,5.579996,112,160,55.3736115,90,90,1,1,20,39.5818634,90,90,1,1
281,5.599996,112,160,54.7740593,90,90,1,1,20,39.5818634,90,90,1,1
282,5.619996,113,160,54.1745071,90,90,1,1,20,39.5818634,90,90,1,1
283,5.639996,113,160,53.574955,90,90,1,1,20,39.5818634,90,90,1,1
284,5.659996,114,160,52.9754028,90,90,1,1,20,39.5818634,90,90,1,1
285,5.679996,114,160,52.3758469,90,90,1,1,20,39.5818634,90,90,1,1
286,5.699996,114,160,51.7762947,90,90,1,1,20,39.5818634,90,90,1,1
287,5.719995,115,160,51.1767426,90,90,1,1,20,39.5818634,90,90,1,1
288,5.739995,115,160,50.5771904,90,90,1,1,20,39.5818634,90,90,1,1
289,5.759995,116,160,49.9776382,90,90,1,1,20,39.5818634,90,90,1,1
290,5.779995,116,160,49.3780823,90,90,1,1,20,39.5818634,90,90,1,1
291,5.799995,116,160,48.7785301,90,90,1,1,20,39.5818634,90,90,1,1
292,5.819995,117,160,48.178978,90,90,1,1,20,39.5818634,90,90,1,1
293,5.839995,117,160,47.5794258,90,90,1,1,20,39.5818634,90,90,1,1
294,5.859995,118,160,46.9798737,90,90,1,1,20,39.5818634,90,90,1,1
295,5.879995,118,160,46.3803215,90,90,1,1,20,39.5818634,90,90,1,1
296,5.899995,118,160,45.7807693,90,90,1,1,20,39.5818634,90,90,1,1
297,5.919995,119,160,45.1812134,90,90,1,1,20,39.5818634,90,90,1,1
298,5.939995,119,160,44.581665,90,90,1,1,20,39.5818634,90,90,1,1
299,5.959995,120,160,43.9821091,90,90,1,1,20,39.5818634,90,90,1,1
300,5.979995,120,160,43.3825569,90,90,1,1,20,39.5818634,90,90,1,1
301,5.999995,120,160,42.7830048,90,90,1,1,20,39.5818634,90,90,1,1
302,6.019995,121,160,42.1834488,90,90,1,1,20,39.5818634,90,90,1,1
303,6.039995,121,160,41.5839005,90,90,1,1,20,39.5818634,90,90,1,1
304,6.059995,122,160,40.9843445,90,90,1,1,20,39.5818634,90,90,1,1
305,6.079995,122,160,40.3847961,90,90,1,1,20,39.5818634,90,90,1,1
306,6.099995,122,160,39.7852402,90,90,1,1,20,39.5818634,90,90,1,1
307,6.119995,123,160,39.185688,90,90,1,1,20,39.5818634,90,90,1,1
308,6.139995,123,160,38.5861359,90,90,1,1,20,39.5818634,90,90,1,1
309,6.159995,124,160,37.9865837,90,90,1,1,20,39.5818634,90,90,1,1
310,6.179995,124,160,37.3870316,90,90,1,1,20,39.5818634,90,90,1,1
311,6.199995,124,160,36.7874756,90,90,1,1,20,39.5818634,90,90,1,1
312,6.219995,125,160,36.1879234,90,90,1,1,20,39.5818634,90,90,1,1
313,6.239995,125,160,35.5883713,90,90,1,1,20,39.5818634,90,90,1,1
314,6.259995,126,160,34.9888153,90,90,1,1,20,39.5818634,90,90,1,1
315,6.279995,126,160,34.389267,90,90,1,1,20,39.5818634,90,90,1,1
316,6.299995,126,160,33.789711,90,90,1,1,20,39.5818634,90,90,1,1
317,6.319995,127,160,33.1901627,90,90,1,1,20,39.5818634,90,90,1,1
318,6.339995,127,160,32.5906067,90,90,1,1,20,39.5818634,90,90,1,1
319,6.359995,128,160,31.9910545,90,90,1,1,20,39.5818634,90,90,1,1
320,6.379995,128,160,31.3915043,90,90,1,1,20,39.5818634,90,90,1,1
321,6.399995,128,160,30.7919502,90,90,1,1,20,39.5818634,90,90,1,1
322,6.419995,129,160,30.1923981,90,90,1,1,20,39.5818634,90,90,1,1
323,6.439995,129,160,29.5928421,90,90,1,1,20,39.5818634,90,90,1,1
324,6.459995,130,160,28.9932899,90,90,1,1,20,39.5818634,90,90,1,1
325,6.479995,130,160,28.3937378,90,90,1,1,20,39.5818634,90,90,1,1
326,6.499995,130,160,27.7941856,90,90,1,1,20,39.5818634,90,90,1,1
327,6.519995,131,160,27.1946335,90,90,1,1,20,39.5818634,90,90,1,1
328,6.539995,131,160,26.5950813,90,90,1,1,20,39.5818634,90,90,1,1
329,6.559995,132,160,25.9955254,90,90,1,1,20,39.4968758,90,90,1,1
330,6.579995,132,160,25.3959732,90,90,1,1,20,39.2619057,90,90,1,1
331,6.599995,132,160,24.7964249,90,90,1,1,20,38.9069557,90,90,1,1
332,6.619995,133,160,24.1968689,90,90,1,1,20,38.3150673,90,90,1,1
333,6.639995,133,160,23.5973167,90,90,1,1,20,37.7231789,90,90,1,1
334,6.659995,134,160,22.9977646,90,90,1,1,20,37.1461487,90,90,1,1
335,6.679995,134,160,22.3982086,90,90,1,1,20,36.5691223,90,90,1,1
336,6.699995,134,160,21.7986565,90,90,1,1,20,35.9920921,90,90,1,1
337,6.719995,135,160,21.1991081,90,90,1,1,20,35.426342,90,90,1,1
338,6.739995,135,160,20.5995522,90,90,1,1,20,34.8605919,90,90,1,1
339,6.759995,136,160,20,90,90,1,1,20,34.2628059,90,90,1,1
340,6.779994,136,160,20,90,90,1,1,20,33.6650162,90,90,1,1
341,6.799994,136,160,20,90,90,1,1,20,33.0672302,90,90,1,1
342,6.819994,137,160,20,90,90,1,1,20,32.5025749,90,90,1,1
343,6.839994,137,160,20,90,90,1,1,20,31.9379177,90,90,1,1
344,6.859994,138,160,20,90,90,1,1,20,31.3464546,90,90,1,1
345,6.879994,138,160,20,90,90,1,1,20,30.7549934,90,90,1,1
346,6.899994,138,160,20,90,90,1,1,20,30.1635303,90,90,1,1
347,6.919994,139,160,20,90,90,1,1,20,29.6043434,90,90,1,1
348,6.939994,139,160,20,90,90,1,1,20,29.0451584,90,90,1,1
349,6.959994,140,160,20,90,90,1,1,20,28.486721,90,90,1,1
350,6.979994,140,160,20,90,90,1,1,20,27.9282837,90,90,1,1
351,6.999994,140,160,20,90,90,1,1,20,27.3698463,90,90,1,1
352,7.019994,141,160,20,90,90,1,1,20,26.8236599,90,90,1,1
353,7.039994,141,160,20,90,90,1,1,20,26.2774734,90,90,1,1
354,7.059994,142,160,20,90,90,1,1,20,25.6952457,90,90,1,1
355,7.079994,142,160,20,90,90,1,1,20,25.1130199,90,90,1,1
356,7.099994,142,160,20,90,90,1,1,20,24.5307922,90,90,1,1
357,7.119994,143,160,20,90,90,1,1,20,23.9961128,90,90,1,1
358,7.139994,143,160,20,90,90,1,1,20,23.4614353,90,90,1,1
359,7.159994,144,160,20,90,90,1,1,20,22.8846531,90,90,1,1
360,7.179994,144,160,20,90,90,1,1,20,22.3078709,90,90,1,1
361,7.199994,144,160,20,90,90,1,1,20,21.7310867,90,90,1,1
362,7.219994,145,160,20,90,90,1,1,20,21.2875366,90,90,1,1
363,7.239994,145,160,20,90,90,1,1,20,20.8439865,90,90,1,1
364,7.259994,146,160,20,90,90,1,1,20,20.4004364,90,90,1,1
365,7.279994,146,160,20,90,90,1,1,20,20.4004364,90,90,1,1
366,7.299994,146,160,20,90,90,1,1,20,20.4004364,90,90,1,1
367,7.319994,147,160,20,90,90,1,1,20,20.3119202,90,90,1,1
368,7.339994,147,160,20,90,90,1,1,20,20.2234039,90,90,1,1
369,7.359994,148,160,20,90,90,1,1,20,20.2234039,90,90,1,1
370,7.379994,148,160,20,90,90,1,1,20,20.2234039,90,90,1,1
371,7.399994,148,160,20,90,90,1,1,20,20.2234039,90,90,1,1
372,7.419994,149,160,20,90,90,1,1,20,20.2234039,90,90,1,1
373,7.439994,149,160,20,90,90,1,1,20,20.2234039,90,90,1,1
374,7.459994,150,160,20,90,90,1,1,20,20.1338081,90,90,1,1
375,7.479994,150,160,20,90,90,1,1,20,20.0442123,90,90,1,1
376,7.499994,150,160,20,90,90,1,1,20,20.0442123,90,90,1,1
377,7.519994,151,160,20,90,90,1,1,20,20.0442123,90,90,1,1
378,7.539994,151,160,20,90,90,1,1,20,20.0442123,90,90,1,1
379,7.559994,152,160,20,90,90,1,1,20,20.0442123,90,90,1,1
380,7.579994,152,160,20,90,90,1,1,20,20.0442123,90,90,1,1
381,7.599994,152,160,20,90,90,1,1,20,20.0442123,90,90,1,1
382,7.619994,153,160,20,90,90,1,1,20,20.0442123,90,90,1,1
383,7.639994,153,160,20,90,90,1,1,20,20.0442123,90,90,1,1
384,7.659994,154,160,20,90,90,1,1,20,20.0442123,90,90,1,1
385,7.679994,154,160,20,90,90,1,1,20,20.0442123,90,90,1,1
386,7.699994,154,160,20,90,90,1,1,20,20.0442123,90,90,1,1
387,7.719994,155,160,20,90,90,1,1,20,20.0221062,90,90,1,1
388,7.739994,155,160,20,90,90,1,1,20,20,90,90,1,1
389,7.759994,156,160,20,90,90,1,1,20,20,90,90,1,1
390,7.779994,156,160,20,90,90,1,1,20,20,90,90,1,1
391,7.799994,156,160,20,90,90,1,1,20,20,90,90,1,1
392,7.819993,157,160,20,90,90,1,1,20,20,90,90,1,1
393,7.839993,157,160,20,90,90,1,1,20,20,90,90,1,1
394,7.859993,158,160,20,90,90,1,1,20,20,90,90,1,1
395,7.879993,158,160,20,90,90,1,1,20,20,90,90,1,1
396,7.899993,158,160,20,90,90,1,1,20,20,90,90,1,1
397,7.919993,159,160,20,90,90,1,1,20,20,90,90,1,1
398,7.939993,159,160,20,90,90,1,1,20,20,90,90,1,1
399,7.959993,160,160,20,90,90,1,1,20,20,90,90,1,1
400,7.979993,160,160,20,90,90,1,1,20,20,90,90,1,1
401,7.999993,160,160,20,90,90,1,1,20,20,90,90,1,1
402,8.019994,161,160,20,90,90,1,1,20,20,90,90,1,1
403,8.039994,161,160,20,90,90,1,1,20,20,90,90,1,1
404,8.059995,162,160,20,90,90,1,1,20,20,90,90,1,1
405,8.079995,162,160,20,90,90,1,1,20,20,90,90,1,1
406,8.099996,162,160,20,90,90,1,1,20,20,90,90,1,1
407,8.119996,163,160,20,90,90,1,1,20,20,90,90,1,1
408,8.139997,163,160,20,90,90,1,1,20,20,90,90,1,1
409,8.159997,164,160,20,90,90,1,1,20,20.0567017,90,90,1,1
410,8.179997,164,160,20,90,90,1,1,20,20.1134033,90,90,1,1
411,8.199998,164,160,20,90,90,1,1,20,20.1134033,90,90,1,1
412,8.219998,165,160,20,90,90,1,1,20,20.4089355,90,90,1,1
413,8.239999,165,160,20,90,90,1,1,20,20.7044678,90,90,1,1
414,8.259999,166,160,20,90,90,1,1,20,20.9733257,90,90,1,1
415,8.280000,166,160,20,90,90,1,1,20,21.4726353,90,90,1,1
416,8.300000,167,160,20,90,90,1,1,20,21.9279099,90,90,1,1
417,8.320001,167,160,20,90,90,1,1,20,22.3831825,90,90,1,1
418,8.340001,167,160,20,90,90,1,1,20,22.8384571,90,90,1,1
419,8.360002,168,160,20,90,90,1,1,20,23.3519058,90,90,1,1
420,8.380002,168,160,20,90,90,1,1,20,23.8653545,90,90,1,1
421,8.400002,169,160,20.1520119,90,90,1,1,20,24.3940487,90,90,1,1
422,8.420003,169,160,20.5144997,90,90,1,1,20,24.9227409,90,90,1,1
423,8.440003,169,160,20.9471474,90,90,1,1,20,25.4514351,90,90,1,1
424,8.460004,170,160,21.5246391,90,90,1,1,20,26.040226,90,90,1,1
425,8.480004,170,160,22.1021328,90,90,1,1,20,26.6290169,90,90,1,1
426,8.500005,171,160,22.6802254,90,90,1,1,20,27.1917801,90,90,1,1
427,8.520005,171,160,23.2583199,90,90,1,1,20,27.7545433,90,90,1,1
428,8.540006,171,160,23.8364124,90,90,1,1,20,28.3173065,90,90,1,1
429,8.560006,172,160,24.4055882,90,90,1,1,20,28.8896675,90,90,1,1
430,8.580007,172,160,24.974762,90,90,1,1,20,29.4620285,90,90,1,1
431,8.600007,173,160,25.5536232,90,90,1,1,20,30.0505295,90,90,1,1
432,8.620008,173,160,26.1324844,90,90,1,1,20,30.6390305,90,90,1,1
433,8.640008,173,160,26.7113438,90,90,1,1,20,31.2275333,90,90,1,1
434,8.660008,174,160,27.3013706,90,90,1,1,20,31.8098755,90,90,1,1
435,8.680009,174,160,27.8913975,90,90,1,1,20,32.3922157,90,90,1,1
436,8.700009,175,160,28.4887276,90,90,1,1,20,32.9879341,90,90,1,1
437,8.720010,175,160,29.0860558,90,90,1,1,20,33.5836525,90,90,1,1
438,8.740010,175,160,29.6833839,90,90,1,1,20,34.1793709,90,90,1,1
439,8.760011,176,160,30.2826347,90,90,1,1,20,34.7659645,90,90,1,1
440,8.780011,176,160,30.8818855,90,90,1,1,20,35.3525581,90,90,1,1
441,8.800012,177,160,31.4772816,90,90,1,1,20,35.9408493,90,90,1,1
442,8.820012,177,160,32.0726776,90,90,1,1,20,36.5291405,90,90,1,1
443,8.840013,177,160,32.6680756,90,90,1,1,20,37.1174316,90,90,1,1
444,8.860013,178,160,33.265976,90,90,1,1,20,37.7126999,90,90,1,1
445,8.880013,178,160,33.8638725,90,90,1,1,20,38.3079681,90,90,1,1
446,8.900014,179,160,34.4561806,90,90,1,1,20,38.901226,90,90,1,1
447,8.920014,179,160,35.0484848,90,90,1,1,20,39.4944801,90,90,1,1
448,8.940015,179,160,35.6407928,90,90,1,1,20,40.087738,90,90,1,1
449,8.960015,180,160,36.230648,90,90,1,1,20,40.6826973,90,90,1,1
450,8.980016,180,160,36.8205032,90,90,1,1,20,41.2776566,90,90,1,1
451,9.000016,181,160,37.4199944,90,90,1,1,20,41.8676758,90,90,1,1
452,9.020017,181,160,38.0194817,90,90,1,1,20,42.457695,90,90,1,1
453,9.040017,181,160,38.6189728,90,90,1,1,20,43.0477142,90,90,1,1
454,9.060018,182,160,39.2093849,90,90,1,1,20,43.6475334,90,90,1,1
455,9.080018,182,160,39.7998009,90,90,1,1,20,44.2473526,90,90,1,1
456,9.100019,183,160,40.3931961,90,90,1,1,20,44.8384552,90,90,1,1
457,9.120019,183,160,40.9865875,90,90,1,1,20,45.4295616,90,90,1,1
458,9.140019,183,160,41.5799828,90,90,1,1,20,46.0206642,90,90,1,1
459,9.160020,184,160,42.1777077,90,90,1,1,20,46.6159782,90,90,1,1
460,9.180020,184,160,42.7754326,90,90,1,1,20,47.2112885,90,90,1,1
461,9.200021,185,160,43.3689804,90,90,1,1,20,47.8022308,90,90,1,1
462,9.220021,185,160,43.9625282,90,90,1,1,20,48.3931732,90,90,1,1
463,9.240022,185,160,44.5560722,90,90,1,1,20,48.9841118,90,90,1,1
464,9.260022,186,160,45.1464119,90,90,1,1,20,49.5833206,90,90,1,1
465,9.280023,186,160,45.7367516,90,90,1,1,20,50.1825294,90,90,1,1
466,9.300023,187,160,46.3270912,90,90,1,1,20,50.7817383,90,90,1,1
467,9.320024,187,160,46.9174309,90,90,1,1,20,51.3809509,90,90,1,1
468,9.340024,187,160,47.5077705,90,90,1,1,20,51.9801598,90,90,1,1
469,9.360024,188,160,48.1059685,90,90,1,1,20,52.5791626,90,90,1,1
470,9.380025,188,160,48.7041626,90,90,1,1,20,53.1781616,90,90,1,1
471,9.400025,189,160,49.2995758,90,90,1,1,20,53.7649803,90,90,1,1
472,9.420026,189,160,49.8949852,90,90,1,1,20,54.351799,90,90,1,1
473,9.440026,189,160,50.4903984,90,90,1,1,20,54.9386177,90,90,1,1
474,9.460027,190,160,51.0831718,90,90,1,1,20,55.52705,90,90,1,1
475,9.480027,190,160,51.6759453,90,90,1,1,20,56.1154823,90,90,1,1
476,9.500028,191,160,52.2664032,90,90,1,1,20,56.707119,90,90,1,1
477,9.520028,191,160,52.8568611,90,90,1,1,20,57.2987518,90,90,1,1
478,9.540029,191,160,53.447319,90,90,1,1,20,57.8903885,90,90,1,1
479,9.560029,192,160,54.0363998,90,90,1,1,20,58.4888229,90,90,1,1
480,9.580029,192,160,54.6254807,90,90,1,1,20,59.0872536,90,90,1,1
481,9.600030,193,160,55.2171402,90,90,1,1,20,59.6692696,90,90,1,1
482,9.620030,193,160,55.8087997,90,90,1,1,20,60.2512856,90,90,1,1
483,9.640031,193,160,56.4004555,90,90,1,1,20,60.8333015,90,90,1,1
484,9.660031,194,160,56.9596672,90,90,1,1,20,61.3888741,90,90,1,1
485,9.680032,194,160,57.5188828,90,90,1,1,20,61.9444504,90,90,1,1
486,9.700032,195,160,57.9141617,90,90,1,1,20,61.7457771,90,90,1,1
487,9.720033,195,160,58.3094406,90,90,1,1,20,61.7457771,90,90,1,1
488,9.740033,195,160,58.3094406,90,90,1,1,20,61.7457771,90,90,1,1
489,9.760034,196,160,58.2213821,90,90,1,1,20,61.6604385,90,90,1,1
490,9.780034,196,160,57.9779282,90,90,1,1,20,61.4244995,90,90,1,1
491,9.800035,197,160,57.3940582,90,90,1,1,20,60.8591576,90,90,1,1
492,9.820035,197,160,56.8101883,90,90,1,1,20,60.2938156,90,90,1,1
493,9.840035,197,160,56.2263222,90,90,1,1,20,59.7284698,90,90,1,1
494,9.860036,198,160,55.6434174,90,90,1,1,20,59.1364822,90,90,1,1
495,9.880036,198,160,55.0605125,90,90,1,1,20,58.5444908,90,90,1,1
496,9.900037,199,160,54.4801292,90,90,1,1,20,57.9677811,90,90,1,1
497,9.920037,199,160,53.8997498,90,90,1,1,20,57.3910713,90,90,1,1
498,9.940038,199,160,53.3193665,90,90,1,1,20,56.8143616,90,90,1,1
499,9.960038,200,160,52.7253723,90,90,1,1,20,56.2348137,90,90,1,1
500,9.980039,200,160,52.1313782,90,90,1,1,20,55.6552658,90,90,1,1
501,10.000039,201,160,51.5349846,90,90,1,1,20,55.0669365,90,90,1,1
502,10.020040,201,160,50.938591,90,90,1,1,20,54.478611,90,90,1,1
503,10.040040,201,160,50.3421974,90,90,1,1,20,53.8902817,90,90,1,1
504,10.060040,202,160,49.7537537,90,90,1,1,20,53.2920113,90,90,1,1
505,10.080041,202,160,49.1653061,90,90,1,1,20,52.6937408,90,90,1,1
506,10.100041,203,160,48.5697289,90,90,1,1,20,52.1038818,90,90,1,1
507,10.120042,203,160,47.9741478,90,90,1,1,20,51.514019,90,90,1,1
508,10.140042,203,160,47.3785706,90,90,1,1,20,50.92416,90,90,1,1
509,10.160043,204,160,46.7831917,90,90,1,1,20,50.331501,90,90,1,1
510,10.180043,204,160,46.1878166,90,90,1,1,20,49.738842,90,90,1,1
511,10.200044,205,160,45.5894737,90,90,1,1,20,49.1521759,90,90,1,1
512,10.220044,205,160,44.991127,90,90,1,1,20,48.5655136,90,90,1,1
513,10.240045,205,160,44.3927841,90,90,1,1,20,47.9788475,90,90,1,1
514,10.260045,206,160,43.7944412,90,90,1,1,20,47.3921852,90,90,1,1
515,10.280046,206,160,43.1960945,90,90,1,1,20,46.8055191,90,90,1,1
516,10.300046,207,160,42.610569,90,90,1,1,20,46.2202148,90,90,1,1
517,10.320046,207,160,42.0250435,90,90,1,1,20,45.6349106,90,90,1,1
518,10.340047,207,160,41.439518,90,90,1,1,20,45.0496063,90,90,1,1
519,10.360047,208,160,40.8570213,90,90,1,1,20,44.4665604,90,90,1,1
520,10.380048,208,160,40.2745247,90,90,1,1,20,43.8835106,90,90,1,1
521,10.400048,209,160,39.6811295,90,90,1,1,20,43.3081245,90,90,1,1
522,10.420049,209,160,39.0877342,90,90,1,1,20,42.7327385,90,90,1,1
523,10.440049,209,160,38.494339,90,90,1,1,20,42.1573486,90,90,1,1
524,10.460050,210,160,37.8989563,90,90,1,1,20,41.6389999,90,90,1,1
525,10.480050,210,160,37.3035736,90,90,1,1,20,41.1206474,90,90,1,1
526,10.500051,211,160,37.8322983,90,90,1,1,20,41.6939888,90,90,1,1
527,10.520051,211,160,38.3610268,90,90,1,1,20,42.267334,90,90,1,1
528,10.540051,211,160,38.8897514,90,90,1,1,20,42.8406754,90,90,1,1
529,10.560052,212,160,39.4689331,90,90,1,1,20,43.4386826,90,90,1,1
530,10.580052,212,160,40.0481148,90,90,1,1,20,44.0366898,90,90,1,1
531,10.600053,213,160,40.6303368,90,90,1,1,20,44.6302872,90,90,1,1
532,10.620053,213,160,41.2125587,90,90,1,1,20,45.2238884,90,90,1,1
533,10.640054,213,160,41.7947807,90,90,1,1,20,45.8174858,90,90,1,1
534,10.660054,214,160,42.3814926,90,90,1,1,20,46.4101906,90,90,1,1
535,10.680055,214,160,42.9682007,90,90,1,1,20,47.0028915,90,90,1,1
536,10.700055,215,160,43.5610313,90,90,1,1,20,47.5996399,90,90,1,1
537,10.720056,215,160,44.153862,90,90,1,1,20,48.1963921,90,90,1,1
538,10.740056,215,160,44.7466965,90,90,1,1,20,48.7931404,90,90,1,1
539,10.760056,216,160,45.3400841,90,90,1,1,20,49.3905144,90,90,1,1
540,10.780057,216,160,45.9334717,90,90,1,1,20,49.9878883,90,90,1,1
541,10.800057,217,160,46.5276375,90,90,1,1,20,50.5805702,90,90,1,1
542,10.820058,217,160,47.1218033,90,90,1,1,20,51.1732483,90,90,1,1
543,10.840058,217,160,47.7159691,90,90,1,1,20,51.7659302,90,90,1,1
544,10.860059,218,160,48.3151398,90,90,1,1,20,52.361866,90,90,1,1
545,10.880059,218,160,48.9143105,90,90,1,1,20,52.9578018,90,90,1,1
546,10.900060,219,160,49.5097389,90,90,1,1,20,53.5551529,90,90,1,1
547,10.920060,219,160,50.1051712,90,90,1,1,20,54.1525002,90,90,1,1
548,10.940061,219,160,50.7005997,90,90,1,1,20,54.7498512,90,90,1,1
549,10.960061,220,160,51.2958031,90,90,1,1,20,55.3468933,90,90,1,1
550,10.980062,220,160,51.8910065,90,90,1,1,20,55.9439354,90,90,1,1
551,11.000062,221,160,52.4886551,90,90,1,1,20,56.5392151,90,90,1,1
552,11.020062,221,160,53.0863075,90,90,1,1,20,57.1344948,90,90,1,1
553,11.040063,221,160,53.6839561,90,90,1,1,20,57.7297745,90,90,1,1
554,11.060063,222,160,54.2819481,90,90,1,1,20,58.326828,90,90,1,1
555,11.080064,222,160,54.8799362,90,90,1,1,20,58.9238815,90,90,1,1
556,11.100064,223,160,55.4766655,90,90,1,1,20,59.5211563,90,90,1,1
557,11.120065,223,160,56.0733948,90,90,1,1,20,60.1184311,90,90,1,1
558,11.140065,223,160,56.6701241,90,90,1,1,20,60.7157059,90,90,1,1
559,11.160066,224,160,57.2684975,90,90,1,1,20,61.3119926,90,90,1,1
560,11.180066,224,160,57.8668709,90,90,1,1,20,61.9082756,90,90,1,1
561,11.200067,225,160,58.4655266,90,90,1,1,20,62.5072289,90,90,1,1
562,11.220067,225,160,59.0641823,90,90,1,1,20,63.1061783,90,90,1,1
563,11.240067,225,160,59.662838,90,90,1,1,20,63.7051315,90,90,1,1
564,11.260068,226,160,60.2605515,90,90,1,1,20,64.3011703,90,90,1,1
565,11.280068,226,160,60.8582611,90,90,1,1,20,64.8972092,90,90,1,1
566,11.300069,227,160,61.4580612,90,90,1,1,20,65.4941711,90,90,1,1
567,11.320069,227,160,62.0578651,90,90,1,1,20,66.0911407,90,90,1,1
568,11.340070,227,160,62.6576653,90,90,1,1,20,66.6881027,90,90,1,1
569,11.360070,228,160,63.2542992,90,90,1,1,20,67.2852097,90,90,1,1
570,11.380071,228,160,63.8509331,90,90,1,1,20,67.8823242,90,90,1,1
571,11.400071,229,160,64.4475632,90,90,1,1,20,68.4794312,90,90,1,1
572,11.420072,229,160,65.0441971,90,90,1,1,20,69.0765457,90,90,1,1
573,11.440072,229,160,65.640831,90,90,1,1,20,69.6736526,90,90,1,1
574,11.460073,230,160,66.2401047,90,90,1,1,20,70.268959,90,90,1,1
575,11.480073,230,160,66.8393784,90,90,1,1,20,70.8642731,90,90,1,1
576,11.500073,231,160,67.4354935,90,90,1,1,20,71.4617386,90,90,1,1
577,11.520074,231,160,68.0316086,90,90,1,1,20,72.0592117,90,90,1,1
578,11.540074,231,160,68.6277237,90,90,1,1,20,72.6566772,90,90,1,1
579,11.560075,232,160,69.2234039,90,90,1,1,20,73.2552185,90,90,1,1
580,11.580075,232,160,69.8190842,90,90,1,1,20,73.8537521,90,90,1,1
581,11.600076,233,160,70.4171295,90,90,1,1,20,74.4517899,90,90,1,1
582,11.620076,233,160,71.0151672,90,90,1,1,20,75.0498199,90,90,1,1
583,11.640077,233,160,71.6132126,90,90,1,1,20,75.6478577,90,90,1,1
584,11.660077,234,160,72.2111969,90,90,1,1,20,76.2430649,90,90,1,1
585,11.680078,234,160,72.8091812,90,90,1,1,20,76.8382645,90,90,1,1
586,11.700078,235,160,73.4035873,90,90,1,1,20,77.4341812,90,90,1,1
587,11.720078,235,160,73.9979858,90,90,1,1,20,78.030098,90,90,1,1
588,11.740079,235,160,74.592392,90,90,1,1,20,78.6260071,90,90,1,1
589,11.760079,236,160,75.1917877,90,90,1,1,20,79.2190704,90,90,1,1
590,11.780080,236,160,75.7911911,90,90,1,1,20,79.8121338,90,90,1,1
591,11.800080,237,160,76.3837357,90,90,1,1,20,80.4066315,90,90,1,1
592,11.820081,237,160,76.9762802,90,90,1,1,20,81.0011368,90,90,1,1
593,11.840081,237,160,77.5688324,90,90,1,1,20,81.5956345,90,90,1,1
594,11.860082,238,160,78.1667786,90,90,1,1,20,82.1873169,90,90,1,1
595,11.880082,238,160,78.7647247,90,90,1,1,20,82.779007,90,90,1,1
596,11.900083,239,160,79.3519363,90,90,1,1,20,83.3608322,90,90,1,1
597,11.920083,239,160,79.9391403,90,90,1,1,20,83.9426575,90,90,1,1
598,11.940084,239,160,80.5263519,90,90,1,1,20,84.5244827,90,90,1,1
599,11.960084,240,160,81.1135178,90,90,1,1,20,85.1197357,90,90,1,1
600,11.980084,240,160,81.7006836,90,90,1,1,20,85.7149811,90,90,1,1
601,12.000085,241,160,82.0811157,90,90,1,1,20,85.2081757,90,90,1,1
602,12.020085,241,160,82.4615555,90,90,1,1,20,84.7013702,90,90,1,1
603,12.040086,241,160,82.4615555,90,90,1,1,20,84.1945648,90,90,1,1
