frame_id,time_sec,frame_valid,shoulder_l_x,shoulder_l_y,shoulder_l_valid,shoulder_r_x,shoulder_r_y,shoulder_r_valid,elbow_l_x,elbow_l_y,elbow_l_valid,wrist_l_x,wrist_l_y,wrist_l_valid,elbow_r_x,elbow_r_y,elbow_r_valid,wrist_r_x,wrist_r_y,wrist_r_valid,finger1_l_x,finger1_l_y,finger1_l_valid,finger2_l_x,finger2_l_y,finger2_l_valid,finger1_r_x,finger1_r_y,finger1_r_valid,finger2_r_x,finger2_r_y,finger2_r_valid
1,0.0,1,755.0,270.0,1,545.0,270.0,1,800.0,410.0,1,825.0,535.0,1,500.0,410.0,1,475.0,535.0,1,0.0,0.0,0,0.0,0.0,0,0.0,0.0,0,0.0,0.0,0
2,0.05,1,755.748,267.758,1,545.0,267.758,1,814.95,385.753,1,867.422,497.685,1,485.595,385.753,1,437.873,497.685,1,0.0,0.0,0,0.0,0.0,0,0.0,0.0,0,0.0,0.0,0
3,0.1,1,756.48,265.56,1,545.0,265.56,1,829.6,362.72,1,906.08,461.524,1,471.56,362.72,1,404.08,461.524,1,0.0,0.0,0,0.0,0.0,0,0.0,0.0,0,0.0,0.0,0
4,0.15,1,757.182,263.452,1,545.0,263.452,1,843.65,341.217,1,940.808,426.945,1,458.165,341.217,1,373.757,426.945,1,0.0,0.0,0,0.0,0.0,0,0.0,0.0,0,0.0,0.0,0
5,0.2,1,757.84,261.48,1,545.0,261.48,1,856.8,321.56,1,971.44,394.373,1,445.68,321.56,1,347.04,394.373,1,0.0,0.0,0,0.0,0.0,0,0.0,0.0,0,0.0,0.0,0
6,0.25,1,758.438,259.688,1,545.0,259.688,1,868.75,304.062,1,997.812,364.236,1,434.375,304.062,1,324.062,364.236,1,0.0,0.0,0,0.0,0.0,0,0.0,0.0,0,0.0,0.0,0
7,0.3,1,758.96,258.12,1,545.0,258.12,1,879.2,289.04,1,1019.76,336.959,1,424.52,289.04,1,304.96,336.959,1,0.0,0.0,0,0.0,0.0,0,0.0,0.0,0,0.0,0.0,0
8,0.35,1,759.392,256.823,1,545.0,256.823,1,887.85,276.808,1,1037.117,312.971,1,416.385,276.808,1,289.868,312.971,1,0.0,0.0,0,0.0,0.0,0,0.0,0.0,0,0.0,0.0,0
9,0.4,1,759.72,255.84,1,545.0,255.84,1,894.4,267.68,1,1049.72,292.697,1,410.24,267.68,1,278.92,292.697,1,0.0,0.0,0,0.0,0.0,0,0.0,0.0,0,0.0,0.0,0
10,0.45,1,759.928,255.218,1,545.0,255.218,1,898.55,261.972,1,1057.402,276.565,1,406.355,261.972,1,272.252,276.565,1,0.0,0.0,0,0.0,0.0,0,0.0,0.0,0,0.0,0.0,0
11,0.5,1,760.0,255.0,1,545.0,255.0,1,900.0,260.0,1,1060.0,265.0,1,405.0,260.0,1,270.0,265.0,1,0.0,0.0,0,0.0,0.0,0,0.0,0.0,0,0.0,0.0,0
12,0.55,1,760.0,255.0,1,545.0,255.0,1,900.0,261.26,1,1055.423,256.058,1,405.068,261.26,1,273.904,256.058,1,0.0,0.0,0,0.0,0.0,0,0.0,0.0,0,0.0,0.0,0
13,0.6,1,760.0,255.0,1,545.0,255.0,1,900.0,264.68,1,1042.926,247.583,1,405.264,264.68,1,284.592,247.583,1,0.0,0.0,0,0.0,0.0,0,0.0,0.0,0,0.0,0.0,0
14,0.65,1,760.0,255.0,1,545.0,255.0,1,900.0,269.72,1,1024.36,239.686,1,405.576,269.72,1,300.528,239.686,1,0.0,0.0,0,0.0,0.0,0,0.0,0.0,0,0.0,0.0,0
15,0.7,1,760.0,255.0,1,545.0,255.0,1,900.0,275.84,1,1001.577,232.481,1,405.992,275.84,1,320.176,232.481,1,0.0,0.0,0,0.0,0.0,0,0.0,0.0,0,0.0,0.0,0
16,0.75,1,760.0,255.0,1,545.0,255.0,1,900.0,282.5,1,976.429,226.077,1,406.5,282.5,1,342.0,226.077,1,0.0,0.0,0,0.0,0.0,0,0.0,0.0,0,0.0,0.0,0
17,0.8,1,760.0,255.0,1,545.0,255.0,1,900.0,289.16,1,950.766,220.587,1,407.088,289.16,1,364.464,220.587,1,0.0,0.0,0,0.0,0.0,0,0.0,0.0,0,0.0,0.0,0
18,0.85,1,760.0,255.0,1,545.0,255.0,1,900.0,295.28,1,926.44,216.123,1,407.744,295.28,1,386.032,216.123,1,0.0,0.0,0,0.0,0.0,0,0.0,0.0,0,0.0,0.0,0
19,0.9,1,760.0,255.0,1,545.0,255.0,1,900.0,300.32,1,905.303,212.796,1,408.456,300.32,1,405.168,212.796,1,0.0,0.0,0,0.0,0.0,0,0.0,0.0,0,0.0,0.0,0
20,0.95,1,760.0,255.0,1,545.0,255.0,1,900.0,303.74,1,889.206,210.718,1,409.212,303.74,1,420.336,210.718,1,0.0,0.0,0,0.0,0.0,0,0.0,0.0,0,0.0,0.0,0
21,1.0,1,760.0,255.0,1,545.0,255.0,1,900.0,305.0,1,880.0,210.0,1,410.0,305.0,1,430.0,210.0,1,0.0,0.0,0,0.0,0.0,0,0.0,0.0,0,0.0,0.0,0
22,1.05,1,759.86,255.0,1,545.14,255.0,1,899.512,304.86,1,875.071,210.28,1,411.136,304.86,1,436.224,210.28,1,0.0,0.0,0,0.0,0.0,0,0.0,0.0,0,0.0,0.0,0
23,1.1,1,759.48,255.0,1,545.52,255.0,1,898.176,304.48,1,870.571,211.04,1,412.848,304.48,1,442.068,211.04,1,0.0,0.0,0,0.0,0.0,0,0.0,0.0,0,0.0,0.0,0
24,1.15,1,758.92,255.0,1,546.08,255.0,1,896.184,303.92,1,866.5,212.16,1,414.992,303.92,1,447.488,212.16,1,0.0,0.0,0,0.0,0.0,0,0.0,0.0,0,0.0,0.0,0
25,1.2,1,758.24,255.0,1,546.76,255.0,1,893.728,303.24,1,862.857,213.52,1,417.424,303.24,1,452.443,213.52,1,0.0,0.0,0,0.0,0.0,0,0.0,0.0,0,0.0,0.0,0
26,1.25,1,757.5,255.0,1,547.5,255.0,1,891.0,302.5,1,859.643,215.0,1,420.0,302.5,1,456.889,215.0,1,0.0,0.0,0,0.0,0.0,0,0.0,0.0,0,0.0,0.0,0
27,1.3,1,756.76,255.0,1,548.24,255.0,1,888.192,301.76,1,856.857,216.48,1,422.576,301.76,1,460.784,216.48,1,0.0,0.0,0,0.0,0.0,0,0.0,0.0,0,0.0,0.0,0
28,1.35,1,756.08,255.0,1,548.92,255.0,1,885.496,301.08,1,854.5,217.84,1,425.008,301.08,1,464.085,217.84,1,0.0,0.0,0,0.0,0.0,0,0.0,0.0,0,0.0,0.0,0
29,1.4,1,755.52,255.0,1,549.48,255.0,1,883.104,300.52,1,852.571,218.96,1,427.152,300.52,1,466.75,218.96,1,0.0,0.0,0,0.0,0.0,0,0.0,0.0,0,0.0,0.0,0
30,1.45,1,755.14,255.0,1,549.86,255.0,1,881.208,300.14,1,851.071,219.72,1,428.864,300.14,1,468.736,219.72,1,0.0,0.0,0,0.0,0.0,0,0.0,0.0,0,0.0,0.0,0
31,1.5,1,755.0,255.0,1,550.0,255.0,1,880.0,300.0,1,850.0,220.0,1,430.0,300.0,1,470.0,220.0,1,0.0,0.0,0,0.0,0.0,0,0.0,0.0,0,0.0,0.0,0
32,1.55,1,755.0,255.14,1,550.0,255.14,1,879.297,300.054,1,849.248,220.0,1,430.704,300.054,1,470.779,220.0,1,0.0,0.0,0,0.0,0.0,0,0.0,0.0,0,0.0,0.0,0
33,1.6,1,755.0,255.52,1,550.0,255.52,1,878.757,300.215,1,848.676,220.0,1,431.244,300.215,1,471.37,220.0,1,0.0,0.0,0,0.0,0.0,0,0.0,0.0,0,0.0,0.0,0
34,1.65,1,755.0,256.08,1,550.0,256.08,1,878.337,300.479,1,848.238,220.0,1,431.665,300.479,1,471.82,220.0,1,0.0,0.0,0,0.0,0.0,0,0.0,0.0,0,0.0,0.0,0
35,1.7,1,755.0,256.76,1,550.0,256.76,1,877.992,300.844,1,847.886,220.0,1,432.012,300.844,1,472.176,220.0,1,0.0,0.0,0,0.0,0.0,0,0.0,0.0,0,0.0,0.0,0
36,1.75,1,755.0,257.5,1,550.0,257.5,1,877.676,301.307,1,847.574,220.0,1,432.328,301.307,1,472.486,220.0,1,0.0,0.0,0,0.0,0.0,0,0.0,0.0,0,0.0,0.0,0
37,1.8,1,755.0,258.24,1,550.0,258.24,1,877.347,301.865,1,847.257,220.0,1,432.658,301.865,1,472.797,220.0,1,0.0,0.0,0,0.0,0.0,0,0.0,0.0,0,0.0,0.0,0
38,1.85,1,755.0,258.92,1,550.0,258.92,1,876.96,302.517,1,846.887,220.0,1,433.046,302.517,1,473.157,220.0,1,0.0,0.0,0,0.0,0.0,0,0.0,0.0,0,0.0,0.0,0
39,1.9,1,755.0,259.48,1,550.0,259.48,1,876.469,303.258,1,846.419,220.0,1,433.536,303.258,1,473.612,220.0,1,0.0,0.0,0,0.0,0.0,0,0.0,0.0,0,0.0,0.0,0
40,1.95,1,755.0,259.86,1,550.0,259.86,1,875.83,304.087,1,845.805,220.0,1,434.173,304.087,1,474.211,220.0,1,0.0,0.0,0,0.0,0.0,0,0.0,0.0,0,0.0,0.0,0
41,2.0,1,755.0,260.0,1,550.0,260.0,1,875.0,305.0,1,845.0,220.0,1,435.0,305.0,1,475.0,220.0,1,0.0,0.0,0,0.0,0.0,0,0.0,0.0,0,0.0,0.0,0
42,2.05,1,755.14,260.0,1,550.055,260.0,1,872.779,308.713,1,843.332,228.96,1,436.98,308.713,1,476.387,228.96,1,0.0,0.0,0,0.0,0.0,0,0.0,0.0,0,0.0,0.0,0
43,2.1,1,755.52,260.0,1,550.217,260.0,1,868.255,317.142,1,840.291,253.28,1,440.874,317.142,1,478.693,253.28,1,0.0,0.0,0,0.0,0.0,0,0.0,0.0,0,0.0,0.0,0
44,2.15,1,756.08,260.0,1,550.483,260.0,1,861.808,329.083,1,836.074,289.12,1,446.425,329.083,1,481.831,289.12,1,0.0,0.0,0,0.0,0.0,0,0.0,0.0,0,0.0,0.0,0
45,2.2,1,756.76,260.0,1,550.851,260.0,1,853.823,343.335,1,830.874,332.64,1,453.373,343.335,1,485.718,332.64,1,0.0,0.0,0,0.0,0.0,0,0.0,0.0,0,0.0,0.0,0
46,2.25,1,757.5,260.0,1,551.316,260.0,1,844.681,358.693,1,824.889,380.0,1,461.463,358.693,1,490.268,380.0,1,0.0,0.0,0,0.0,0.0,0,0.0,0.0,0,0.0,0.0,0
47,2.3,1,758.24,260.0,1,551.876,260.0,1,834.764,373.956,1,818.312,427.36,1,470.435,373.956,1,495.397,427.36,1,0.0,0.0,0,0.0,0.0,0,0.0,0.0,0,0.0,0.0,0
48,2.35,1,758.92,260.0,1,552.527,260.0,1,824.455,387.921,1,811.339,470.88,1,480.032,387.921,1,501.019,470.88,1,0.0,0.0,0,0.0,0.0,0,0.0,0.0,0,0.0,0.0,0
49,2.4,1,759.48,260.0,1,553.267,260.0,1,814.137,399.385,1,804.166,506.72,1,489.998,399.385,1,507.05,506.72,1,0.0,0.0,0,0.0,0.0,0,0.0,0.0,0,0.0,0.0,0
50,2.45,1,759.86,260.0,1,554.093,260.0,1,804.191,407.146,1,796.988,531.04,1,500.073,407.146,1,513.406,531.04,1,0.0,0.0,0,0.0,0.0,0,0.0,0.0,0,0.0,0.0,0
51,2.5,1,760.0,260.0,1,555.0,260.0,1,795.0,410.0,1,790.0,540.0,1,510.0,410.0,1,520.0,540.0,1,0.0,0.0,0,0.0,0.0,0,0.0,0.0,0,0.0,0.0,0
52,2.55,1,758.508,260.241,1,558.287,260.14,1,785.625,409.836,1,782.47,539.869,1,521.832,409.843,1,529.055,539.87,1,0.0,0.0,0,0.0,0.0,0,0.0,0.0,0,0.0,0.0,0
53,2.6,1,754.45,260.903,1,565.573,260.52,1,775.142,409.371,1,773.752,539.491,1,537.062,409.396,1,542.078,539.493,1,0.0,0.0,0,0.0,0.0,0,0.0,0.0,0,0.0,0.0,0
54,2.65,1,748.455,261.89,1,575.833,261.08,1,763.956,408.65,1,764.168,538.886,1,554.598,408.699,1,557.908,538.89,1,0.0,0.0,0,0.0,0.0,0,0.0,0.0,0,0.0,0.0,0
55,2.7,1,741.151,263.109,1,588.044,261.76,1,752.473,407.714,1,754.043,538.074,1,573.345,407.789,1,575.387,538.08,1,0.0,0.0,0,0.0,0.0,0,0.0,0.0,0,0.0,0.0,0
56,2.75,1,733.165,264.464,1,601.184,262.5,1,741.096,406.607,1,743.698,537.075,1,592.209,406.705,1,593.357,537.083,1,0.0,0.0,0,0.0,0.0,0,0.0,0.0,0,0.0,0.0,0
57,2.8,1,725.126,265.863,1,614.229,263.24,1,730.232,405.371,0,733.457,535.911,0,610.097,405.484,1,610.658,535.92,1,0.0,0.0,0,0.0,0.0,0,0.0,0.0,0,0.0,0.0,0
58,2.85,1,717.662,267.21,1,626.157,263.92,1,720.285,404.05,0,723.644,534.6,0,625.913,404.165,1,626.132,534.61,1,0.0,0.0,0,0.0,0.0,0,0.0,0.0,0,0.0,0.0,0
59,2.9,1,711.401,268.411,1,635.943,264.48,1,711.661,402.686,0,714.581,533.165,0,638.566,402.785,1,638.619,533.173,1,0.0,0.0,0,0.0,0.0,0,0.0,0.0,0,0.0,0.0,0
60,2.95,1,706.971,269.373,1,642.565,264.86,1,704.764,401.321,0,706.592,531.625,0,646.959,401.385,1,646.962,531.63,1,0.0,0.0,0,0.0,0.0,0,0.0,0.0,0,0.0,0.0,0
61,3.0,1,705.0,270.0,1,645.0,265.0,1,700.0,400.0,0,700.0,530.0,0,650.0,400.0,1,650.0,530.0,1,0.0,0.0,0,0.0,0.0,0,0.0,0.0,0,0.0,0.0,0
62,3.05,1,704.483,270.411,1,645.0,265.0,1,696.495,398.55,0,694.198,527.124,0,649.565,398.407,1,649.855,527.046,1,0.0,0.0,0,0.0,0.0,0,0.0,0.0,0,0.0,0.0,0
63,3.1,1,703.998,270.789,1,645.0,265.0,1,693.109,396.797,0,688.387,521.99,0,648.32,396.391,1,649.44,521.7,1,0.0,0.0,0,0.0,0.0,0,0.0,0.0,0,0.0,0.0,0
64,3.15,1,703.543,271.137,1,645.0,265.0,1,689.848,394.783,0,682.599,514.859,0,646.355,394.007,1,648.785,514.237,1,0.0,0.0,0,0.0,0.0,0,0.0,0.0,0,0.0,0.0,0
65,3.2,1,703.117,271.457,1,645.0,265.0,1,686.72,392.549,0,676.869,505.99,0,643.76,391.309,1,647.92,504.933,1,0.0,0.0,0,0.0,0.0,0,0.0,0.0,0,0.0,0.0,0
66,3.25,1,702.722,271.752,1,645.0,265.0,1,683.73,390.134,0,671.228,495.643,0,640.625,388.352,1,646.875,494.062,1,0.0,0.0,0,0.0,0.0,0,0.0,0.0,0,0.0,0.0,0
67,3.3,1,702.355,272.025,1,645.0,265.0,1,680.886,387.58,0,665.71,484.079,0,637.04,385.191,1,645.68,481.9,1,0.0,0.0,0,0.0,0.0,0,0.0,0.0,0,0.0,0.0,0
68,3.35,1,702.017,272.278,1,645.0,265.0,1,678.194,384.928,0,660.349,471.557,0,633.095,381.88,1,644.365,468.721,1,0.0,0.0,0,0.0,0.0,0,0.0,0.0,0,0.0,0.0,0
69,3.4,1,701.707,272.514,1,645.0,265.0,1,675.66,382.217,0,655.177,458.339,0,628.88,378.473,1,642.96,454.8,1,0.0,0.0,0,0.0,0.0,0,0.0,0.0,0,0.0,0.0,0
70,3.45,1,701.425,272.736,1,645.0,265.0,1,673.291,379.49,0,650.228,444.683,0,624.485,375.025,1,641.495,440.412,1,0.0,0.0,0,0.0,0.0,0,0.0,0.0,0,0.0,0.0,0
71,3.5,1,701.169,272.946,1,645.0,265.0,1,671.094,376.786,0,645.536,430.85,0,620.0,371.591,1,640.0,425.833,1,0.0,0.0,0,0.0,0.0,0,0.0,0.0,0,0.0,0.0,0
72,3.55,1,700.941,273.148,1,645.0,265.0,1,669.075,374.146,0,641.132,417.099,0,615.515,368.225,1,638.505,411.337,1,0.0,0.0,0,0.0,0.0,0,0.0,0.0,0,0.0,0.0,0
73,3.6,1,700.738,273.343,1,645.0,265.0,1,667.24,371.611,0,637.051,403.692,0,611.12,364.982,1,637.04,397.2,1,0.0,0.0,0,0.0,0.0,0,0.0,0.0,0,0.0,0.0,0
74,3.65,1,700.561,273.534,1,645.0,265.0,1,665.597,369.222,0,633.326,390.889,0,606.905,361.916,1,635.635,383.696,1,0.0,0.0,0,0.0,0.0,0,0.0,0.0,0,0.0,0.0,0
75,3.7,1,700.409,273.725,1,645.0,265.0,1,664.151,367.02,0,629.99,378.948,0,602.96,359.082,1,634.32,371.1,1,0.0,0.0,0,0.0,0.0,0,0.0,0.0,0,0.0,0.0,0
76,3.75,1,700.282,273.917,1,645.0,265.0,1,662.91,365.045,0,627.076,368.131,0,599.375,356.534,1,633.125,359.688,1,0.0,0.0,0,0.0,0.0,0,0.0,0.0,0,0.0,0.0,0
77,3.8,1,700.179,274.114,1,645.0,265.0,1,661.88,363.337,0,624.617,358.697,0,596.24,354.327,1,632.08,349.733,1,0.0,0.0,0,0.0,0.0,0,0.0,0.0,0,0.0,0.0,0
78,3.85,1,700.1,274.318,1,645.0,265.0,1,661.067,361.938,0,622.647,350.907,0,593.645,352.516,1,631.215,341.513,1,0.0,0.0,0,0.0,0.0,0,0.0,0.0,0,0.0,0.0,0
79,3.9,1,700.044,274.532,1,645.0,265.0,1,660.479,360.889,0,621.199,345.021,0,591.68,351.155,1,630.56,335.3,1,0.0,0.0,0,0.0,0.0,0,0.0,0.0,0,0.0,0.0,0
80,3.95,1,700.011,274.758,1,645.0,265.0,1,660.121,360.229,0,620.305,341.299,0,590.435,350.298,1,630.145,331.371,1,0.0,0.0,0,0.0,0.0,0,0.0,0.0,0,0.0,0.0,0
81,4.0,1,700.0,275.0,1,645.0,265.0,1,660.0,360.0,0,620.0,340.0,0,590.0,350.0,1,630.0,330.0,1,0.0,0.0,0,0.0,0.0,0,0.0,0.0,0,0.0,0.0,0
82,4.05,1,700.0,275.262,1,644.964,265.057,1,660.29,360.323,0,620.58,341.369,0,590.362,350.394,1,630.072,331.441,1,0.0,0.0,0,0.0,0.0,0,0.0,0.0,0,0.0,0.0,0
83,4.1,1,700.0,275.545,1,644.86,265.22,1,661.12,361.25,0,622.24,345.289,0,591.4,351.526,1,630.28,335.568,1,0.0,0.0,0,0.0,0.0,0,0.0,0.0,0,0.0,0.0,0
84,4.15,1,700.0,275.846,1,644.696,265.48,1,662.43,362.719,0,624.86,351.482,0,593.038,353.317,1,630.608,342.089,1,0.0,0.0,0,0.0,0.0,0,0.0,0.0,0,0.0,0.0,0
85,4.2,1,700.0,276.16,1,644.48,265.827,1,664.16,364.667,0,628.32,359.671,0,595.2,355.691,1,631.04,350.71,1,0.0,0.0,0,0.0,0.0,0,0.0,0.0,0,0.0,0.0,0
86,4.25,1,700.0,276.484,1,644.219,266.25,1,666.25,367.031,0,632.5,369.577,0,597.812,358.571,1,631.562,361.137,1,0.0,0.0,0,0.0,0.0,0,0.0,0.0,0,0.0,0.0,0
87,4.3,1,700.0,276.815,1,643.92,266.74,1,668.64,369.75,0,637.28,380.921,0,600.8,361.88,1,632.16,373.079,1,0.0,0.0,0,0.0,0.0,0,0.0,0.0,0,0.0,0.0,0
88,4.35,1,700.0,277.148,1,643.591,267.287,1,671.27,372.76,0,642.54,393.426,0,604.088,365.54,1,632.818,386.24,1,0.0,0.0,0,0.0,0.0,0,0.0,0.0,0,0.0,0.0,0
89,4.4,1,700.0,277.48,1,643.24,267.88,1,674.08,376.0,0,648.16,406.814,0,607.6,369.474,1,633.52,400.329,1,0.0,0.0,0,0.0,0.0,0,0.0,0.0,0,0.0,0.0,0
90,4.45,1,700.0,277.807,1,642.874,268.51,1,677.01,379.406,0,654.02,420.805,0,611.262,373.606,1,634.252,415.052,1,0.0,0.0,0,0.0,0.0,0,0.0,0.0,0,0.0,0.0,0
91,4.5,1,700.0,278.125,1,642.5,269.167,1,680.0,382.917,0,660.0,435.122,0,615.0,377.857,1,635.0,430.116,1,0.0,0.0,0,0.0,0.0,0,0.0,0.0,0,0.0,0.0,0
92,4.55,1,700.0,278.431,1,642.126,269.84,1,682.99,386.469,0,665.98,449.487,0,618.738,382.151,1,635.748,445.228,1,0.0,0.0,0,0.0,0.0,0,0.0,0.0,0,0.0,0.0,0
93,4.6,1,700.0,278.72,1,641.76,270.52,1,685.92,390.0,0,671.84,463.62,0,622.4,386.411,1,636.48,460.094,1,0.0,0.0,0,0.0,0.0,0,0.0,0.0,0,0.0,0.0,0
94,4.65,1,700.0,278.989,1,641.409,271.197,1,688.73,393.448,0,677.46,477.246,0,625.912,390.56,1,637.182,474.421,1,0.0,0.0,0,0.0,0.0,0,0.0,0.0,0,0.0,0.0,0
95,4.7,1,700.0,279.235,1,641.08,271.86,1,691.36,396.75,0,682.72,490.083,0,629.2,394.52,1,637.84,487.917,1,0.0,0.0,0,0.0,0.0,0,0.0,0.0,0,0.0,0.0,0
96,4.75,1,700.0,279.453,1,640.781,272.5,1,693.75,399.844,0,687.5,501.856,0,632.188,398.214,1,638.438,500.287,1,0.0,0.0,0,0.0,0.0,0,0.0,0.0,0,0.0,0.0,0
97,4.8,1,700.0,279.64,1,640.52,273.107,1,695.84,402.667,0,691.68,512.285,0,634.8,401.566,1,638.96,511.239,1,0.0,0.0,0,0.0,0.0,0,0.0,0.0,0,0.0,0.0,0
98,4.85,1,700.0,279.792,1,640.304,273.67,1,697.57,405.156,0,695.14,521.092,0,636.963,404.497,1,639.392,520.48,1,0.0,0.0,0,0.0,0.0,0,0.0,0.0,0,0.0,0.0,0
99,4.9,1,700.0,279.905,1,640.14,274.18,1,698.88,407.25,0,697.76,527.999,0,638.6,406.931,1,639.72,527.715,1,0.0,0.0,0,0.0,0.0,0,0.0,0.0,0,0.0,0.0,0
100,4.95,1,700.0,279.976,1,640.036,274.627,1,699.71,408.885,0,699.42,532.728,0,639.637,408.791,1,639.928,532.653,1,0.0,0.0,0,0.0,0.0,0,0.0,0.0,0,0.0,0.0,0
101,5.0,1,700.0,280.0,1,640.0,275.0,1,700.0,410.0,0,700.0,535.0,0,640.0,410.0,1,640.0,535.0,1,0.0,0.0,0,0.0,0.0,0,0.0,0.0,0,0.0,0.0,0
102,5.05,1,700.0,280.0,1,640.0,275.337,1,700.0,410.825,0,700.0,535.931,0,640.0,410.846,1,640.0,535.933,1,0.0,0.0,0,0.0,0.0,0,0.0,0.0,0,0.0,0.0,0
103,5.1,1,700.0,280.0,1,640.0,275.68,1,700.0,411.63,0,700.0,536.821,0,640.0,411.669,1,640.0,536.825,1,0.0,0.0,0,0.0,0.0,0,0.0,0.0,0,0.0,0.0,0
104,5.15,1,700.0,280.0,1,640.0,276.026,1,700.0,412.414,0,700.0,537.669,0,640.0,412.465,1,640.0,537.674,1,0.0,0.0,0,0.0,0.0,0,0.0,0.0,0,0.0,0.0,0
105,5.2,1,700.0,280.0,1,640.0,276.373,1,700.0,413.173,0,700.0,538.475,0,640.0,413.234,1,640.0,538.481,1,0.0,0.0,0,0.0,0.0,0,0.0,0.0,0,0.0,0.0,0
106,5.25,1,700.0,280.0,1,640.0,276.719,1,700.0,413.906,0,700.0,539.238,0,640.0,413.973,1,640.0,539.244,1,0.0,0.0,0,0.0,0.0,0,0.0,0.0,0,0.0,0.0,0
107,5.3,1,700.0,280.0,1,640.0,277.06,1,700.0,414.61,0,700.0,539.957,0,640.0,414.68,1,640.0,539.963,1,0.0,0.0,0,0.0,0.0,0,0.0,0.0,0,0.0,0.0,0
108,5.35,1,700.0,280.0,1,640.0,277.395,1,700.0,415.282,0,700.0,540.631,0,640.0,415.352,1,640.0,540.637,1,0.0,0.0,0,0.0,0.0,0,0.0,0.0,0,0.0,0.0,0
109,5.4,1,700.0,280.0,1,640.0,277.72,1,700.0,415.92,0,700.0,541.26,0,640.0,415.989,1,640.0,541.266,1,0.0,0.0,0,0.0,0.0,0,0.0,0.0,0,0.0,0.0,0
110,5.45,1,700.0,280.0,1,640.0,278.034,1,700.0,416.521,0,700.0,541.842,0,640.0,416.586,1,640.0,541.848,1,0.0,0.0,0,0.0,0.0,0,0.0,0.0,0,0.0,0.0,0
111,5.5,1,700.0,280.0,1,640.0,278.333,1,700.0,417.083,0,700.0,542.378,0,640.0,417.143,1,640.0,542.384,1,0.0,0.0,0,0.0,0.0,0,0.0,0.0,0,0.0,0.0,0
112,5.55,1,700.0,280.0,1,640.0,278.616,1,700.0,417.604,0,700.0,542.866,0,640.0,417.657,1,640.0,542.871,1,0.0,0.0,0,0.0,0.0,0,0.0,0.0,0,0.0,0.0,0
113,5.6,1,700.0,280.0,1,640.0,278.88,1,700.0,418.08,0,700.0,543.306,0,640.0,418.126,1,640.0,543.311,1,0.0,0.0,0,0.0,0.0,0,0.0,0.0,0,0.0,0.0,0
114,5.65,1,700.0,280.0,1,640.0,279.122,1,700.0,418.51,0,700.0,543.697,0,640.0,418.548,1,640.0,543.701,1,0.0,0.0,0,0.0,0.0,0,0.0,0.0,0,0.0,0.0,0
115,5.7,1,700.0,280.0,1,640.0,279.34,1,700.0,418.89,0,700.0,544.039,0,640.0,418.92,1,640.0,544.041,1,0.0,0.0,0,0.0,0.0,0,0.0,0.0,0,0.0,0.0,0
116,5.75,1,700.0,280.0,1,640.0,279.531,1,700.0,419.219,0,700.0,544.329,0,640.0,419.241,1,640.0,544.331,1,0.0,0.0,0,0.0,0.0,0,0.0,0.0,0,0.0,0.0,0
117,5.8,1,700.0,280.0,1,640.0,279.693,1,700.0,419.493,0,700.0,544.569,0,640.0,419.509,1,640.0,544.57,1,0.0,0.0,0,0.0,0.0,0,0.0,0.0,0,0.0,0.0,0
118,5.85,1,700.0,280.0,1,640.0,279.824,1,700.0,419.711,0,700.0,544.756,0,640.0,419.72,1,640.0,544.757,1,0.0,0.0,0,0.0,0.0,0,0.0,0.0,0,0.0,0.0,0
119,5.9,1,700.0,280.0,1,640.0,279.92,1,700.0,419.87,0,700.0,544.891,0,640.0,419.874,1,640.0,544.892,1,0.0,0.0,0,0.0,0.0,0,0.0,0.0,0,0.0,0.0,0
120,5.95,1,700.0,280.0,1,640.0,279.98,1,700.0,419.967,0,700.0,544.973,0,640.0,419.968,1,640.0,544.973,1,0.0,0.0,0,0.0,0.0,0,0.0,0.0,0,0.0,0.0,0
121,6.0,1,700.0,280.0,1,640.0,280.0,1,700.0,420.0,0,700.0,545.0,0,640.0,420.0,1,640.0,545.0,1,0.0,0.0,0,0.0,0.0,0,0.0,0.0,0,0.0,0.0,0
122,6.05,1,700.377,279.964,1,639.442,279.964,1,700.666,420.0,0,700.775,545.0,0,639.117,420.0,1,639.008,545.0,1,0.0,0.0,0,0.0,0.0,0,0.0,0.0,0,0.0,0.0,0
123,6.1,1,701.458,279.86,1,637.845,279.86,1,702.574,420.0,0,702.994,545.0,0,636.587,420.0,1,636.167,545.0,1,0.0,0.0,0,0.0,0.0,0,0.0,0.0,0,0.0,0.0,0
124,6.15,1,703.166,279.696,1,635.32,279.696,1,705.59,420.0,0,706.5,545.0,0,632.59,420.0,1,631.68,545.0,1,0.0,0.0,0,0.0,0.0,0,0.0,0.0,0,0.0,0.0,0
125,6.2,1,705.427,279.48,1,631.981,279.48,1,709.576,420.0,0,711.134,545.0,0,627.308,420.0,1,625.749,545.0,1,0.0,0.0,0,0.0,0.0,0,0.0,0.0,0,0.0,0.0,0
126,6.25,1,708.164,279.219,1,627.941,279.219,1,714.398,420.0,0,716.739,545.0,0,620.919,420.0,1,618.578,545.0,1,0.0,0.0,0,0.0,0.0,0,0.0,0.0,0,0.0,0.0,0
127,6.3,1,711.303,278.92,1,623.313,278.92,1,719.922,420.0,0,723.157,545.0,0,613.606,420.0,1,610.368,545.0,1,0.0,0.0,0,0.0,0.0,0,0.0,0.0,0,0.0,0.0,0
128,6.35,1,714.766,278.591,1,618.209,278.591,1,726.01,420.0,0,730.231,545.0,0,605.547,420.0,1,601.324,545.0,1,0.0,0.0,0,0.0,0.0,0,0.0,0.0,0,0.0,0.0,0
129,6.4,1,718.48,278.24,1,612.744,278.24,1,732.528,420.0,0,737.802,545.0,0,596.923,420.0,1,591.647,545.0,1,0.0,0.0,0,0.0,0.0,0,0.0,0.0,0,0.0,0.0,0
130,6.45,1,722.368,277.874,1,607.028,277.874,1,739.341,420.0,0,745.712,545.0,0,587.915,420.0,1,581.54,545.0,1,0.0,0.0,0,0.0,0.0,0,0.0,0.0,0,0.0,0.0,0
131,6.5,1,726.354,277.5,1,601.176,277.5,1,746.312,420.0,0,753.804,545.0,0,578.702,420.0,1,571.207,545.0,1,0.0,0.0,0,0.0,0.0,0,0.0,0.0,0,0.0,0.0,0
132,6.55,1,730.363,277.126,1,595.301,277.126,1,753.308,420.0,1,761.92,545.0,1,569.465,420.0,1,560.849,545.0,1,0.0,0.0,0,0.0,0.0,0,0.0,0.0,0,0.0,0.0,0
133,6.6,1,734.32,276.76,1,589.515,276.76,1,760.192,420.0,1,769.903,545.0,1,560.385,420.0,1,550.67,545.0,1,0.0,0.0,0,0.0,0.0,0,0.0,0.0,0,0.0,0.0,0
134,6.65,1,738.148,276.409,1,583.932,276.409,1,766.829,420.0,1,777.593,545.0,1,551.641,420.0,1,540.873,545.0,1,0.0,0.0,0,0.0,0.0,0,0.0,0.0,0,0.0,0.0,0
135,6.7,1,741.772,276.08,1,578.664,276.08,1,773.083,420.0,1,784.834,545.0,1,543.413,420.0,1,531.659,545.0,1,0.0,0.0,0,0.0,0.0,0,0.0,0.0,0,0.0,0.0,0
136,6.75,1,745.117,275.781,1,573.824,275.781,1,778.82,420.0,1,791.467,545.0,1,535.883,420.0,1,523.233,545.0,1,0.0,0.0,0,0.0,0.0,0,0.0,0.0,0,0.0,0.0,0
137,6.8,1,748.107,275.52,1,569.525,275.52,1,783.904,420.0,1,797.336,545.0,1,529.231,420.0,1,515.796,545.0,1,0.0,0.0,0,0.0,0.0,0,0.0,0.0,0,0.0,0.0,0
138,6.85,1,750.665,275.304,1,565.88,275.304,1,788.199,420.0,1,802.281,545.0,1,523.636,420.0,1,509.551,545.0,1,0.0,0.0,0,0.0,0.0,0,0.0,0.0,0,0.0,0.0,0
139,6.9,1,752.718,275.14,1,563.002,275.14,1,791.57,420.0,1,806.145,545.0,1,519.279,420.0,1,504.702,545.0,1,0.0,0.0,0,0.0,0.0,0,0.0,0.0,0,0.0,0.0,0
140,6.95,1,754.188,275.036,1,561.005,275.036,1,793.883,420.0,1,808.771,545.0,1,516.34,420.0,1,501.451,545.0,1,0.0,0.0,0,0.0,0.0,0,0.0,0.0,0,0.0,0.0,0
141,7.0,1,755.0,275.0,1,560.0,275.0,1,795.0,420.0,1,810.0,545.0,1,515.0,420.0,1,500.0,545.0,1,0.0,0.0,0,0.0,0.0,0,0.0,0.0,0,0.0,0.0,0
142,7.05,1,755.45,275.0,1,559.539,275.0,1,795.442,420.0,1,810.445,545.0,1,514.552,420.0,1,499.551,545.0,1,0.0,0.0,0,0.0,0.0,0,0.0,0.0,0,0.0,0.0,0
143,7.1,1,755.882,275.0,1,559.098,275.0,1,795.824,420.0,1,810.827,545.0,1,514.166,420.0,1,499.166,545.0,1,0.0,0.0,0,0.0,0.0,0,0.0,0.0,0,0.0,0.0,0
144,7.15,1,756.297,275.0,1,558.676,275.0,1,796.151,420.0,1,811.153,545.0,1,513.835,420.0,1,498.837,545.0,1,0.0,0.0,0,0.0,0.0,0,0.0,0.0,0,0.0,0.0,0
145,7.2,1,756.693,275.0,1,558.275,275.0,1,796.431,420.0,1,811.431,545.0,1,513.552,420.0,1,498.557,545.0,1,0.0,0.0,0,0.0,0.0,0,0.0,0.0,0,0.0,0.0,0
146,7.25,1,757.07,275.0,1,557.895,275.0,1,796.671,420.0,1,811.667,545.0,1,513.311,420.0,1,498.319,545.0,1,0.0,0.0,0,0.0,0.0,0,0.0,0.0,0,0.0,0.0,0
147,7.3,1,757.428,275.0,1,557.536,275.0,1,796.876,420.0,1,811.869,545.0,1,513.103,420.0,1,498.116,545.0,1,0.0,0.0,0,0.0,0.0,0,0.0,0.0,0,0.0,0.0,0
148,7.35,1,757.764,275.0,1,557.199,275.0,1,797.055,420.0,1,812.043,545.0,1,512.924,420.0,1,497.942,545.0,1,0.0,0.0,0,0.0,0.0,0,0.0,0.0,0,0.0,0.0,0
149,7.4,1,758.08,275.0,1,556.885,275.0,1,797.214,420.0,1,812.197,545.0,1,512.765,420.0,1,497.788,545.0,1,0.0,0.0,0,0.0,0.0,0,0.0,0.0,0,0.0,0.0,0
150,7.45,1,758.374,275.0,1,556.593,275.0,1,797.359,420.0,1,812.337,545.0,1,512.62,420.0,1,497.648,545.0,1,0.0,0.0,0,0.0,0.0,0,0.0,0.0,0,0.0,0.0,0
151,7.5,1,758.646,275.0,1,556.324,275.0,1,797.497,420.0,1,812.471,545.0,1,512.482,420.0,1,497.515,545.0,1,0.0,0.0,0,0.0,0.0,0,0.0,0.0,0,0.0,0.0,0
152,7.55,1,758.895,275.0,1,556.078,275.0,1,797.635,420.0,1,812.605,545.0,1,512.345,420.0,1,497.381,545.0,1,0.0,0.0,0,0.0,0.0,0,0.0,0.0,0,0.0,0.0,0
153,7.6,1,759.12,275.0,1,555.856,275.0,1,797.781,420.0,1,812.747,545.0,1,512.201,420.0,1,497.24,545.0,1,0.0,0.0,0,0.0,0.0,0,0.0,0.0,0,0.0,0.0,0
154,7.65,1,759.321,275.0,1,555.659,275.0,1,797.939,420.0,1,812.904,545.0,1,512.044,420.0,1,497.085,545.0,1,0.0,0.0,0,0.0,0.0,0,0.0,0.0,0,0.0,0.0,0
155,7.7,1,759.498,275.0,1,555.487,275.0,1,798.118,420.0,1,813.082,545.0,1,511.867,420.0,1,496.908,545.0,1,0.0,0.0,0,0.0,0.0,0,0.0,0.0,0,0.0,0.0,0
156,7.75,1,759.648,275.0,1,555.34,275.0,1,798.325,420.0,1,813.289,545.0,1,511.663,420.0,1,496.703,545.0,1,0.0,0.0,0,0.0,0.0,0,0.0,0.0,0,0.0,0.0,0
157,7.8,1,759.773,275.0,1,555.219,275.0,1,798.565,420.0,1,813.532,545.0,1,511.425,420.0,1,496.462,545.0,1,0.0,0.0,0,0.0,0.0,0,0.0,0.0,0,0.0,0.0,0
158,7.85,1,759.872,275.0,1,555.124,275.0,1,798.846,420.0,1,813.817,545.0,1,511.147,420.0,1,496.178,545.0,1,0.0,0.0,0,0.0,0.0,0,0.0,0.0,0,0.0,0.0,0
159,7.9,1,759.942,275.0,1,555.055,275.0,1,799.174,420.0,1,814.152,545.0,1,510.821,420.0,1,495.845,545.0,1,0.0,0.0,0,0.0,0.0,0,0.0,0.0,0,0.0,0.0,0
160,7.95,1,759.986,275.0,1,555.014,275.0,1,799.557,420.0,1,814.544,545.0,1,510.441,420.0,1,495.454,545.0,1,0.0,0.0,0,0.0,0.0,0,0.0,0.0,0,0.0,0.0,0
161,8.0,1,760.0,275.0,1,555.0,275.0,1,800.0,420.0,1,815.0,545.0,1,510.0,420.0,1,495.0,545.0,1,0.0,0.0,0,0.0,0.0,0,0.0,0.0,0,0.0,0.0,0
162,8.05,1,760.0,274.891,1,555.0,274.891,1,801.155,419.239,1,817.218,543.441,1,508.92,419.239,1,493.0,543.441,1,0.0,0.0,0,0.0,0.0,0,0.0,0.0,0,0.0,0.0,0
163,8.1,1,760.0,274.58,1,555.0,274.58,1,803.571,417.06,1,822.654,538.98,1,506.713,417.06,1,488.188,538.98,1,0.0,0.0,0,0.0,0.0,0,0.0,0.0,0,0.0,0.0,0
164,8.15,1,760.0,274.089,1,555.0,274.089,1,807.107,413.621,1,830.946,531.939,1,503.506,413.621,1,480.88,531.939,1,0.0,0.0,0,0.0,0.0,0,0.0,0.0,0,0.0,0.0,0
165,8.2,1,760.0,273.44,1,555.0,273.44,1,811.619,409.08,1,841.734,522.64,1,499.427,409.08,1,471.389,522.64,1,0.0,0.0,0,0.0,0.0,0,0.0,0.0,0,0.0,0.0,0
166,8.25,1,760.0,272.656,1,555.0,272.656,1,816.964,403.594,1,854.659,511.406,1,494.605,403.594,1,460.032,511.406,1,0.0,0.0,0,0.0,0.0,0,0.0,0.0,0,0.0,0.0,0
167,8.3,1,760.0,271.76,1,555.0,271.76,1,823.0,397.32,1,869.361,498.56,1,489.167,397.32,1,447.123,498.56,1,0.0,0.0,0,0.0,0.0,0,0.0,0.0,0,0.0,0.0,0
168,8.35,1,760.0,270.774,1,555.0,270.774,1,829.583,390.416,1,885.478,484.424,1,483.242,390.416,1,432.979,484.424,1,0.0,0.0,0,0.0,0.0,0,0.0,0.0,0,0.0,0.0,0
169,8.4,1,760.0,269.72,1,555.0,269.72,1,836.571,383.04,1,902.651,469.32,1,476.956,383.04,1,417.913,469.32,1,0.0,0.0,0,0.0,0.0,0,0.0,0.0,0,0.0,0.0,0
170,8.45,1,760.0,268.621,1,555.0,268.621,1,843.821,375.349,1,920.52,453.571,1,470.438,375.349,1,402.241,453.571,1,0.0,0.0,0,0.0,0.0,0,0.0,0.0,0,0.0,0.0,0
171,8.5,1,760.0,267.5,1,555.0,267.5,1,851.19,367.5,1,938.725,437.5,1,463.816,367.5,1,386.278,437.5,1,0.0,0.0,0,0.0,0.0,0,0.0,0.0,0,0.0,0.0,0
172,8.55,1,760.0,266.379,1,555.0,266.379,1,858.536,359.651,1,956.905,421.429,1,457.217,359.651,1,370.34,421.429,1,0.0,0.0,0,0.0,0.0,0,0.0,0.0,0,0.0,0.0,0
173,8.6,1,760.0,265.28,1,555.0,265.28,1,865.714,351.96,1,974.701,405.68,1,450.771,351.96,1,354.742,405.68,1,0.0,0.0,0,0.0,0.0,0,0.0,0.0,0,0.0,0.0,0
174,8.65,1,760.0,264.226,1,555.0,264.226,1,872.583,344.584,1,991.752,390.576,1,444.603,344.584,1,339.798,390.576,1,0.0,0.0,0,0.0,0.0,0,0.0,0.0,0,0.0,0.0,0
175,8.7,1,760.0,263.24,1,555.0,263.24,1,879.0,337.68,1,1007.697,376.44,1,438.843,337.68,1,325.824,376.44,1,0.0,0.0,0,0.0,0.0,0,0.0,0.0,0,0.0,0.0,0
176,8.75,1,760.0,262.344,1,555.0,262.344,1,884.821,331.406,1,1022.178,363.594,1,433.618,331.406,1,313.136,363.594,1,0.0,0.0,0,0.0,0.0,0,0.0,0.0,0,0.0,0.0,0
177,8.8,1,760.0,261.56,1,555.0,261.56,1,889.905,325.92,1,1034.834,352.36,1,429.057,325.92,1,302.047,352.36,1,0.0,0.0,0,0.0,0.0,0,0.0,0.0,0,0.0,0.0,0
178,8.85,1,760.0,260.911,1,555.0,260.911,1,894.107,321.379,1,1045.304,343.061,1,425.286,321.379,1,292.874,343.061,1,0.0,0.0,0,0.0,0.0,0,0.0,0.0,0,0.0,0.0,0
179,8.9,1,760.0,260.42,1,555.0,260.42,1,897.286,317.94,1,1053.228,336.02,1,422.435,317.94,1,285.932,336.02,1,0.0,0.0,0,0.0,0.0,0,0.0,0.0,0,0.0,0.0,0
180,8.95,1,760.0,260.109,1,555.0,260.109,1,899.298,315.761,1,1058.247,331.559,1,420.63,315.761,1,281.536,331.559,1,0.0,0.0,0,0.0,0.0,0,0.0,0.0,0,0.0,0.0,0
181,9.0,1,760.0,260.0,1,555.0,260.0,1,900.0,315.0,1,1060.0,330.0,1,420.0,315.0,1,280.0,330.0,1,0.0,0.0,0,0.0,0.0,0,0.0,0.0,0,0.0,0.0,0
182,9.05,1,760.0,260.072,1,555.0,260.072,1,899.534,315.544,1,1058.564,331.378,1,420.364,315.544,1,281.183,331.378,1,0.0,0.0,0,0.0,0.0,0,0.0,0.0,0,0.0,0.0,0
183,9.1,1,760.0,260.28,1,555.0,260.28,1,898.198,317.1,1,1054.449,335.32,1,421.41,317.1,1,284.577,335.32,1,0.0,0.0,0,0.0,0.0,0,0.0,0.0,0,0.0,0.0,0
184,9.15,1,760.0,260.608,1,555.0,260.608,1,896.082,319.556,1,1047.941,341.542,1,423.071,319.556,1,289.951,341.542,1,0.0,0.0,0,0.0,0.0,0,0.0,0.0,0,0.0,0.0,0
185,9.2,1,760.0,261.04,1,555.0,261.04,1,893.28,322.8,1,1039.329,349.76,1,425.28,322.8,1,297.074,349.76,1,0.0,0.0,0,0.0,0.0,0,0.0,0.0,0,0.0,0.0,0
186,9.25,1,760.0,261.562,1,555.0,261.562,1,889.883,326.719,1,1028.899,359.688,1,427.969,326.719,1,305.714,359.688,1,0.0,0.0,0,0.0,0.0,0,0.0,0.0,0,0.0,0.0,0
187,9.3,1,760.0,262.16,1,555.0,262.16,1,885.982,331.2,1,1016.941,371.04,1,431.07,331.2,1,315.64,371.04,1,0.0,0.0,0,0.0,0.0,0,0.0,0.0,0,0.0,0.0,0
188,9.35,1,760.0,262.818,1,555.0,262.818,1,881.671,336.131,1,1003.741,383.532,1,434.516,336.131,1,326.62,383.532,1,0.0,0.0,0,0.0,0.0,0,0.0,0.0,0,0.0,0.0,0
189,9.4,1,760.0,263.52,1,555.0,263.52,1,877.04,341.4,1,989.586,396.88,1,438.24,341.4,1,338.423,396.88,1,0.0,0.0,0,0.0,0.0,0,0.0,0.0,0,0.0,0.0,0
190,9.45,1,760.0,264.253,1,555.0,264.253,1,872.182,346.894,1,974.765,410.798,1,442.174,346.894,1,350.817,410.798,1,0.0,0.0,0,0.0,0.0,0,0.0,0.0,0,0.0,0.0,0
191,9.5,1,760.0,265.0,1,555.0,265.0,1,867.188,352.5,1,959.565,425.0,1,446.25,352.5,1,363.571,425.0,1,0.0,0.0,0,0.0,0.0,0,0.0,0.0,0,0.0,0.0,0
192,9.55,1,760.0,265.748,1,555.0,265.748,1,862.15,358.106,1,944.274,439.203,1,450.401,358.106,1,376.454,439.203,1,0.0,0.0,0,0.0,0.0,0,0.0,0.0,0,0.0,0.0,0
193,9.6,1,760.0,266.48,1,555.0,266.48,1,857.16,363.6,1,929.179,453.12,1,454.56,363.6,1,389.234,453.12,1,0.0,0.0,0,0.0,0.0,0,0.0,0.0,0,0.0,0.0,0
194,9.65,1,760.0,267.182,1,555.0,267.182,1,852.31,368.869,1,914.568,466.468,1,458.659,368.869,1,401.68,466.468,1,0.0,0.0,0,0.0,0.0,0,0.0,0.0,0,0.0,0.0,0
195,9.7,1,760.0,267.84,1,555.0,267.84,1,847.692,373.8,1,900.729,478.96,1,462.63,373.8,1,413.56,478.96,1,0.0,0.0,0,0.0,0.0,0,0.0,0.0,0,0.0,0.0,0
196,9.75,1,760.0,268.438,1,555.0,268.438,1,843.398,378.281,1,887.948,490.312,1,466.406,378.281,1,424.643,490.312,1,0.0,0.0,0,0.0,0.0,0,0.0,0.0,0,0.0,0.0,0
197,9.8,1,760.0,268.96,1,555.0,268.96,1,839.52,382.2,1,876.515,500.24,1,469.92,382.2,1,434.697,500.24,1,0.0,0.0,0,0.0,0.0,0,0.0,0.0,0,0.0,0.0,0
198,9.85,1,760.0,269.392,1,555.0,269.392,1,836.149,385.444,1,866.716,508.458,1,473.104,385.444,1,443.491,508.458,1,0.0,0.0,0,0.0,0.0,0,0.0,0.0,0,0.0,0.0,0
199,9.9,1,760.0,269.72,1,555.0,269.72,1,833.377,387.9,1,858.838,514.68,1,475.89,387.9,1,450.794,514.68,1,0.0,0.0,0,0.0,0.0,0,0.0,0.0,0,0.0,0.0,0
200,9.95,1,760.0,269.928,1,555.0,269.928,1,831.297,389.456,1,853.171,518.623,1,478.211,389.456,1,456.374,518.623,1,0.0,0.0,0,0.0,0.0,0,0.0,0.0,0,0.0,0.0,0
201,10.0,1,760.0,270.0,1,555.0,270.0,1,830.0,390.0,1,850.0,520.0,1,480.0,390.0,1,460.0,520.0,1,0.0,0.0,0,0.0,0.0,0,0.0,0.0,0,0.0,0.0,0
202,10.05,1,759.964,269.891,1,555.036,269.891,1,829.173,388.332,1,848.264,516.556,1,481.451,388.332,1,462.481,516.556,1,0.0,0.0,0,0.0,0.0,0,0.0,0.0,0,0.0,0.0,0
203,10.1,1,759.86,269.58,1,555.14,269.58,1,828.438,383.56,1,846.698,506.7,1,482.81,383.56,1,464.79,506.7,1,0.0,0.0,0,0.0,0.0,0,0.0,0.0,0,0.0,0.0,0
204,10.15,1,759.696,269.089,1,555.304,269.089,1,827.783,376.027,1,845.286,491.144,1,484.084,376.027,1,466.937,491.144,1,0.0,0.0,0,0.0,0.0,0,0.0,0.0,0,0.0,0.0,0
205,10.2,1,759.48,268.44,1,555.52,268.44,1,827.2,366.08,1,844.013,470.6,1,485.28,366.08,1,468.935,470.6,1,0.0,0.0,0,0.0,0.0,0,0.0,0.0,0,0.0,0.0,0
206,10.25,1,759.219,267.656,1,555.781,267.656,1,826.68,354.062,1,842.864,445.781,1,486.406,354.062,1,470.795,445.781,1,0.0,0.0,0,0.0,0.0,0,0.0,0.0,0,0.0,0.0,0
207,10.3,1,758.92,266.76,1,556.08,266.76,1,826.212,340.32,1,841.823,417.4,1,487.47,340.32,1,472.528,417.4,1,0.0,0.0,0,0.0,0.0,0,0.0,0.0,0,0.0,0.0,0
208,10.35,1,758.591,265.774,1,556.409,265.774,1,825.789,325.197,1,840.875,386.169,1,488.479,325.197,1,474.146,386.169,1,0.0,0.0,0,0.0,0.0,0,0.0,0.0,0,0.0,0.0,0
209,10.4,1,758.24,264.72,1,556.76,264.72,1,825.4,309.04,1,840.005,352.8,1,489.44,309.04,1,475.662,352.8,1,0.0,0.0,0,0.0,0.0,0,0.0,0.0,0,0.0,0.0,0
210,10.45,1,757.874,263.621,1,557.126,263.621,1,825.036,292.192,1,839.196,318.006,1,490.361,292.192,1,477.085,318.006,1,0.0,0.0,0,0.0,0.0,0,0.0,0.0,0,0.0,0.0,0
211,10.5,1,757.5,262.5,1,557.5,262.5,1,824.688,275.0,1,838.435,282.5,1,491.25,275.0,1,478.429,282.5,1,0.0,0.0,0,0.0,0.0,0,0.0,0.0,0,0.0,0.0,0
212,10.55,1,757.126,261.379,1,557.874,261.379,1,824.345,257.807,1,837.704,246.994,1,492.114,257.807,1,479.703,246.994,1,0.0,0.0,0,0.0,0.0,0,0.0,0.0,0,0.0,0.0,0
213,10.6,1,756.76,260.28,1,558.24,260.28,1,824.0,240.96,1,836.99,212.2,1,492.96,240.96,1,480.921,212.2,1,0.0,0.0,0,0.0,0.0,0,0.0,0.0,0,0.0,0.0,0
214,10.65,1,756.409,259.226,1,558.591,259.226,1,823.642,224.802,1,836.276,178.831,1,493.796,224.802,1,482.094,178.831,1,0.0,0.0,0,0.0,0.0,0,0.0,0.0,0,0.0,0.0,0
215,10.7,1,756.08,258.24,1,558.92,258.24,1,823.262,209.68,1,835.547,147.6,1,494.63,209.68,1,483.232,147.6,1,0.0,0.0,0,0.0,0.0,0,0.0,0.0,0,0.0,0.0,0
216,10.75,1,755.781,257.344,1,559.219,257.344,1,822.852,195.938,1,834.788,119.219,1,495.469,195.938,1,484.348,119.219,1,0.0,0.0,0,0.0,0.0,0,0.0,0.0,0,0.0,0.0,0
217,10.8,1,755.52,256.56,1,559.48,256.56,1,822.4,183.92,1,833.983,94.4,1,496.32,183.92,1,485.454,94.4,1,0.0,0.0,0,0.0,0.0,0,0.0,0.0,0,0.0,0.0,0
218,10.85,1,755.304,255.911,1,559.696,255.911,1,821.898,173.972,1,833.118,73.856,1,497.191,173.972,1,486.56,73.856,1,0.0,0.0,0,0.0,0.0,0,0.0,0.0,0,0.0,0.0,0
219,10.9,1,755.14,255.42,1,559.86,255.42,1,821.338,166.44,1,832.175,58.3,1,498.09,166.44,1,487.679,58.3,1,0.0,0.0,0,0.0,0.0,0,0.0,0.0,0,0.0,0.0,0
220,10.95,1,755.036,255.109,1,559.964,255.109,1,820.708,161.667,1,831.141,48.444,1,499.024,161.667,1,488.822,48.444,1,0.0,0.0,0,0.0,0.0,0,0.0,0.0,0,0.0,0.0,0
221,11.0,1,755.0,255.0,1,560.0,255.0,1,820.0,160.0,1,830.0,45.0,1,500.0,160.0,1,490.0,45.0,1,0.0,0.0,0,0.0,0.0,0,0.0,0.0,0,0.0,0.0,0
222,11.05,1,755.0,255.056,1,560.0,255.056,1,819.201,160.667,1,828.783,46.243,1,501.0,160.667,1,491.192,46.243,1,0.0,0.0,0,0.0,0.0,0,0.0,0.0,0,0.0,0.0,0
223,11.1,1,755.0,255.222,1,560.0,255.222,1,818.305,162.663,1,827.531,49.968,1,502.0,162.663,1,492.369,49.968,1,0.0,0.0,0,0.0,0.0,0,0.0,0.0,0,0.0,0.0,0
224,11.15,1,755.0,255.498,1,560.0,255.498,1,817.317,165.977,1,826.246,56.168,1,503.0,165.977,1,493.529,56.168,1,0.0,0.0,0,0.0,0.0,0,0.0,0.0,0,0.0,0.0,0
225,11.2,1,755.0,255.88,1,560.0,255.88,1,816.24,170.6,1,824.928,64.84,1,504.0,170.6,1,494.672,64.84,1,0.0,0.0,0,0.0,0.0,0,0.0,0.0,0,0.0,0.0,0
226,11.25,1,755.0,256.367,1,560.0,256.367,1,815.078,176.523,1,823.578,75.977,1,505.0,176.523,1,495.797,75.977,1,0.0,0.0,0,0.0,0.0,0,0.0,0.0,0,0.0,0.0,0
227,11.3,1,755.0,256.958,1,560.0,256.958,1,813.835,183.738,1,822.197,89.573,1,506.0,183.738,1,496.903,89.573,1,0.0,0.0,0,0.0,0.0,0,0.0,0.0,0,0.0,0.0,0
228,11.35,1,755.0,257.649,1,560.0,257.649,1,812.514,192.233,1,820.785,105.622,1,507.0,192.233,1,497.99,105.622,1,0.0,0.0,0,0.0,0.0,0,0.0,0.0,0,0.0,0.0,0
229,11.4,1,755.0,258.44,1,560.0,258.44,1,811.12,202.0,1,819.344,124.12,1,508.0,202.0,1,499.056,124.12,1,0.0,0.0,0,0.0,0.0,0,0.0,0.0,0,0.0,0.0,0
230,11.45,1,755.0,259.328,1,560.0,259.328,1,809.656,213.03,1,817.874,145.06,1,509.0,213.03,1,500.101,145.06,1,0.0,0.0,0,0.0,0.0,0,0.0,0.0,0,0.0,0.0,0
231,11.5,1,755.0,260.312,1,560.0,260.312,1,808.125,225.312,1,816.375,168.438,1,510.0,225.312,1,501.125,168.438,1,0.0,0.0,0,0.0,0.0,0,0.0,0.0,0,0.0,0.0,0
232,11.55,1,755.0,261.39,1,560.0,261.39,1,806.532,238.839,1,814.849,194.246,1,511.0,238.839,1,502.126,194.246,1,0.0,0.0,0,0.0,0.0,0,0.0,0.0,0,0.0,0.0,0
233,11.6,1,755.0,262.56,1,560.0,262.56,1,804.88,253.6,1,813.296,222.48,1,512.0,253.6,1,503.104,222.48,1,0.0,0.0,0,0.0,0.0,0,0.0,0.0,0,0.0,0.0,0
234,11.65,1,755.0,263.82,1,560.0,263.82,1,803.173,269.586,1,811.717,253.134,1,513.0,269.586,1,504.058,253.134,1,0.0,0.0,0,0.0,0.0,0,0.0,0.0,0,0.0,0.0,0
235,11.7,1,755.0,265.168,1,560.0,265.168,1,801.415,286.788,1,810.113,286.203,1,514.0,286.788,1,504.987,286.203,1,0.0,0.0,0,0.0,0.0,0,0.0,0.0,0,0.0,0.0,0
236,11.75,1,755.0,266.602,1,560.0,266.602,1,799.609,305.195,1,808.484,321.68,1,515.0,305.195,1,505.891,321.68,1,0.0,0.0,0,0.0,0.0,0,0.0,0.0,0,0.0,0.0,0
237,11.8,1,755.0,268.12,1,560.0,268.12,1,797.76,324.8,1,806.832,359.56,1,516.0,324.8,1,506.768,359.56,1,0.0,0.0,0,0.0,0.0,0,0.0,0.0,0,0.0,0.0,0
238,11.85,1,755.0,269.721,1,560.0,269.721,1,795.871,345.592,1,805.157,399.838,1,517.0,345.592,1,507.618,399.838,1,0.0,0.0,0,0.0,0.0,0,0.0,0.0,0,0.0,0.0,0
239,11.9,1,755.0,271.403,1,560.0,271.403,1,793.945,367.563,1,803.459,442.508,1,518.0,367.563,1,508.441,442.508,1,0.0,0.0,0,0.0,0.0,0,0.0,0.0,0,0.0,0.0,0
240,11.95,1,755.0,273.163,1,560.0,273.163,1,791.987,390.702,1,801.74,487.563,1,519.0,390.702,1,509.235,487.563,1,0.0,0.0,0,0.0,0.0,0,0.0,0.0,0,0.0,0.0,0
241,12.0,1,755.0,275.0,1,560.0,275.0,1,790.0,415.0,1,800.0,535.0,1,520.0,415.0,1,510.0,535.0,1,0.0,0.0,0,0.0,0.0,0,0.0,0.0,0,0.0,0.0,0
