frame_id,time_sec,frame_valid,shoulder_l_x,shoulder_l_y,shoulder_l_valid,shoulder_r_x,shoulder_r_y,shoulder_r_valid,elbow_x,elbow_y,elbow_valid,wrist_x,wrist_y,wrist_valid,finger1_x,finger1_y,finger1_valid,finger2_x,finger2_y,finger2_valid
1,0.000000,1,345.209,160.191,1,272.417,156.433,1,262.085,232.498,1,258.623,301.950,1,264.103,326.244,1,256.771,324.806,1
2,0.066837,1,345.344,160.191,1,271.125,156.431,1,259.588,232.453,1,254.397,300.676,1,255.876,321.892,1,250.479,320.434,1
3,0.133674,1,345.703,160.134,1,270.480,156.159,1,257.460,230.943,1,246.728,296.638,1,245.937,315.953,1,241.724,314.939,1
4,0.200512,1,346.008,160.130,1,270.229,155.814,1,256.718,229.908,1,243.960,294.574,1,243.087,313.792,1,238.656,312.718,1
5,0.267349,1,346.181,160.147,1,270.103,155.674,1,256.840,229.788,1,244.299,294.453,1,243.367,314.286,1,239.371,312.803,1
6,0.334186,1,346.210,160.179,1,270.004,155.819,1,256.904,231.083,1,245.661,297.409,1,246.045,317.534,1,241.329,315.909,1
7,0.401023,1,346.255,160.195,1,270.011,155.948,1,257.368,232.205,1,252.943,299.562,1,255.406,321.484,1,249.160,320.255,1
8,0.467860,1,346.127,160.075,1,271.134,155.966,1,262.257,233.387,1,266.145,304.659,1,271.948,328.112,1,262.034,326.826,1
9,0.534697,1,345.618,159.699,1,272.566,155.717,1,268.442,233.274,1,277.765,304.796,1,285.222,329.059,1,275.549,328.268,1
10,0.601535,1,344.813,158.969,1,273.767,153.390,1,271.270,229.504,1,292.918,294.887,1,307.509,316.047,1,295.275,317.024,1
11,0.668372,1,344.086,158.462,1,274.723,152.194,1,273.333,225.740,1,299.924,285.060,1,317.382,305.305,1,306.747,306.130,1
12,0.735209,1,343.501,158.300,1,275.874,150.778,1,275.679,221.595,1,307.951,269.670,1,324.777,288.056,1,317.511,291.918,1
13,0.802046,1,343.125,158.209,1,276.156,149.921,1,277.454,217.658,1,314.366,255.652,1,332.321,268.231,1,325.494,274.512,1
14,0.868883,1,342.857,157.746,1,276.395,149.654,1,276.933,214.389,1,316.335,246.928,1,334.134,256.490,1,326.670,263.862,1
15,0.935720,1,342.746,157.718,1,276.741,149.034,1,275.960,214.476,1,313.376,250.829,1,331.595,262.543,1,324.458,268.789,1
16,1.002558,1,342.767,157.724,1,276.635,148.585,1,275.620,215.942,1,308.073,259.518,1,324.282,274.537,1,316.546,278.830,1
17,1.069395,1,342.785,157.782,1,276.427,148.702,1,273.877,216.500,1,305.634,275.632,1,319.889,295.390,1,315.526,295.937,1
18,1.136232,1,342.796,157.787,1,276.135,148.953,1,271.778,221.995,1,292.849,292.990,1,305.481,316.748,1,294.702,316.654,1
19,1.203069,1,342.827,157.753,1,275.975,149.952,1,270.794,225.199,1,282.748,301.115,1,290.564,325.429,1,280.580,324.897,1
20,1.269906,1,342.970,157.621,1,275.620,150.868,1,266.497,228.567,1,269.721,303.281,1,276.245,327.366,1,266.303,326.502,1
21,1.336743,1,343.510,157.572,1,274.061,151.986,1,261.346,228.301,1,262.338,298.277,1,265.504,320.313,1,258.789,320.012,1
22,1.403581,1,343.769,157.574,1,272.741,152.530,1,257.310,228.313,1,255.031,296.030,1,258.201,316.824,1,252.262,317.040,1
23,1.470418,1,344.126,157.496,1,272.225,152.524,1,254.775,228.181,1,246.217,294.494,1,249.029,315.233,1,243.088,316.363,1
24,1.537255,1,344.307,157.405,1,271.908,152.506,1,254.546,228.078,1,244.011,294.015,1,246.731,314.167,1,241.058,315.464,1
25,1.604092,1,344.368,157.269,1,271.557,152.515,1,255.194,227.907,1,246.034,293.480,1,247.527,313.526,1,242.291,314.777,1
26,1.670929,1,344.351,157.039,1,271.594,152.767,1,255.603,228.957,1,252.262,297.789,1,256.221,319.543,1,249.434,319.746,1
27,1.737766,1,344.295,156.688,1,271.621,153.156,1,257.316,231.686,1,253.156,303.617,1,258.755,325.442,1,251.690,325.152,1
28,1.804604,1,344.234,156.257,1,272.493,153.148,1,264.088,231.165,1,266.969,305.872,1,275.224,329.487,1,264.509,328.304,1
29,1.871441,1,344.147,156.176,1,273.311,153.008,1,269.052,230.897,1,280.781,303.563,1,290.685,326.449,1,279.704,325.956,1
30,1.938278,1,344.105,156.050,1,273.805,151.957,1,272.449,228.150,1,293.671,297.400,1,308.192,318.878,1,296.800,319.945,1
31,2.005115,1,343.764,155.385,1,274.879,149.651,1,275.394,222.348,1,305.100,280.036,1,320.983,299.650,1,312.210,300.343,1
32,2.071952,1,343.695,155.183,1,275.658,148.084,1,278.713,216.792,1,312.023,262.095,1,328.932,279.772,1,321.655,283.632,1
33,2.138789,1,343.634,154.719,1,277.176,146.316,1,279.004,208.515,1,316.522,245.697,1,333.806,258.109,1,326.572,263.993,1
34,2.205627,1,343.469,154.459,1,278.021,145.530,1,279.511,206.182,1,317.672,240.649,1,334.768,250.885,1,327.425,257.504,1
35,2.272464,1,343.501,154.589,1,278.636,144.591,1,279.566,205.947,1,313.441,245.521,1,330.755,259.246,1,323.119,264.251,1
36,2.339301,1,343.511,154.828,1,278.982,144.132,1,279.122,208.538,1,309.765,254.077,1,325.366,269.241,1,317.566,273.323,1
37,2.406138,1,343.688,155.335,1,279.059,144.341,1,279.043,209.069,1,309.176,271.594,1,324.581,291.946,1,311.784,292.378,1
38,2.472975,1,344.090,155.669,1,278.995,144.388,1,276.301,215.312,1,295.166,288.406,1,307.456,311.370,1,294.552,311.395,1
39,2.539812,1,345.573,155.984,1,278.924,146.030,1,274.630,220.622,1,283.872,297.533,1,291.667,321.124,1,281.736,320.639,1
40,2.606650,1,347.082,156.271,1,278.878,148.356,1,270.019,225.819,1,272.652,301.214,1,280.055,324.944,1,270.517,324.372,1
41,2.673487,1,348.208,156.444,1,278.439,149.740,1,265.768,225.857,1,264.899,298.000,1,267.554,321.137,1,261.267,320.278,1
42,2.740324,1,348.716,156.438,1,277.896,150.278,1,262.195,225.517,1,258.796,294.730,1,260.403,315.997,1,254.430,315.968,1
43,2.807161,1,349.196,156.407,1,277.883,150.204,1,259.509,225.128,1,250.761,292.535,1,252.719,314.155,1,246.825,315.787,1
44,2.873998,1,349.704,156.360,1,278.122,149.960,1,258.443,222.893,1,248.902,291.886,1,251.870,311.108,1,245.663,310.982,1
45,2.940835,1,350.127,156.248,1,278.231,149.596,1,258.879,221.992,1,248.248,291.766,1,251.346,309.462,1,245.228,308.440,1
46,3.007673,1,350.052,156.180,1,278.155,149.788,1,259.920,223.049,1,249.876,291.078,1,252.127,309.211,1,245.868,308.355,1
47,3.074510,1,350.071,156.079,1,278.151,150.021,1,264.095,223.897,1,254.529,291.559,1,257.718,311.077,1,251.426,310.448,1
48,3.141347,1,350.023,155.864,1,279.001,150.601,1,268.617,227.502,1,259.512,298.698,1,261.058,320.962,1,254.905,319.885,1
49,3.208184,1,350.016,155.581,1,280.110,150.616,1,272.962,228.086,1,273.236,303.535,1,279.461,326.971,1,270.136,326.307,1
50,3.275021,1,349.949,155.386,1,280.909,150.369,1,276.466,227.737,1,286.424,301.811,1,296.400,325.444,1,285.095,325.240,1
51,3.341858,1,349.613,154.937,1,281.713,148.998,1,278.739,225.278,1,301.417,295.353,1,315.770,318.243,1,306.259,318.376,1
52,3.408696,1,349.409,154.489,1,282.483,146.945,1,283.471,217.802,1,316.916,274.083,1,331.417,295.848,1,323.168,296.697,1
53,3.475533,1,349.095,153.297,1,283.540,145.213,1,287.969,209.344,1,327.029,250.740,1,342.063,265.744,1,334.779,270.040,1
54,3.542370,1,348.470,152.299,1,284.236,143.002,1,290.861,202.518,1,333.190,235.160,1,350.081,243.369,1,342.852,249.801,1
55,3.609207,1,348.227,151.217,1,285.199,141.818,1,292.878,200.440,1,334.732,228.302,1,352.800,235.355,1,345.449,243.774,1
56,3.676044,1,348.059,151.057,1,285.486,141.504,1,292.777,200.159,1,335.369,233.292,1,352.373,240.982,1,345.290,247.986,1
57,3.742882,1,348.317,151.094,1,285.530,141.419,1,291.850,203.003,1,333.726,243.741,1,348.413,255.550,1,341.177,261.030,1
58,3.809719,1,349.366,151.879,1,285.459,141.707,1,291.496,204.220,1,326.948,259.816,1,341.013,279.341,1,333.208,280.727,1
59,3.876556,1,349.927,152.271,1,285.508,142.014,1,288.013,213.933,1,317.976,282.559,1,333.139,304.286,1,321.229,305.203,1
60,3.943393,1,351.147,153.615,1,285.436,144.736,1,281.825,220.733,1,293.439,296.566,1,301.640,320.664,1,291.490,319.935,1
61,4.010230,1,351.905,153.623,1,285.386,147.475,1,278.848,224.065,1,284.922,301.673,1,292.709,325.020,1,282.793,324.219,1
62,4.077067,1,353.067,154.082,1,285.355,148.894,1,275.728,225.385,1,272.432,298.100,1,277.116,321.631,1,269.760,320.203,1
63,4.143905,1,354.053,154.107,1,284.610,149.331,1,273.042,225.108,1,265.217,294.114,1,265.533,315.751,1,259.855,315.259,1
64,4.210742,1,355.082,154.131,1,283.660,149.360,1,268.422,224.108,1,255.312,291.119,1,256.050,311.626,1,251.071,311.472,1
65,4.277579,1,356.083,154.148,1,283.555,149.237,1,267.075,223.605,1,253.237,289.334,1,254.821,309.733,1,249.511,310.752,1
66,4.344416,1,356.589,154.147,1,283.524,149.135,1,267.036,223.561,1,253.628,288.272,1,254.957,308.580,1,249.642,310.470,1
67,4.411253,1,356.753,154.145,1,283.484,149.145,1,268.151,223.259,1,255.065,288.337,1,255.634,308.415,1,250.949,309.057,1
68,4.478090,1,356.809,154.161,1,283.533,149.196,1,268.863,224.022,1,260.817,289.861,1,262.388,310.920,1,256.874,310.626,1
69,4.544928,1,356.709,154.155,1,285.079,149.862,1,271.663,226.501,1,260.972,298.020,1,263.203,320.964,1,258.732,319.931,1
70,4.611765,1,356.610,153.996,1,285.809,149.822,1,276.915,226.627,1,274.954,302.945,1,281.513,326.891,1,273.000,326.653,1
71,4.678602,1,356.543,153.637,1,286.404,149.504,1,281.277,226.314,1,287.933,301.313,1,297.692,325.528,1,287.336,325.222,1
72,4.745439,1,356.494,153.574,1,286.874,147.583,1,283.340,224.149,1,301.278,297.915,1,315.739,322.315,1,303.414,323.232,1
73,4.812276,1,356.357,153.540,1,287.579,145.329,1,286.311,216.894,1,311.861,277.826,1,327.213,300.594,1,318.393,300.619,1
74,4.879113,1,355.686,153.040,1,288.911,143.002,1,291.713,209.748,1,322.481,256.605,1,338.392,275.715,1,330.112,278.018,1
75,4.945951,1,355.187,151.844,1,289.509,142.188,1,293.811,203.672,1,328.353,240.484,1,344.430,253.936,1,336.431,259.228,1
76,5.012788,1,354.555,150.866,1,290.851,141.332,1,295.362,200.721,1,329.485,234.887,1,346.591,245.675,1,337.593,251.472,1
77,5.079625,1,354.336,150.226,1,291.130,140.457,1,294.735,200.261,1,328.320,238.972,1,344.670,252.958,1,336.372,258.639,1
78,5.146462,1,354.440,150.465,1,290.922,140.424,1,293.249,203.111,1,323.545,248.839,1,338.527,265.145,1,330.022,269.017,1
79,5.213299,1,354.518,151.164,1,290.850,140.521,1,293.045,206.798,1,319.672,268.974,1,333.719,289.376,1,325.246,289.550,1
80,5.280136,1,354.655,151.740,1,290.718,142.143,1,289.680,215.601,1,310.041,288.273,1,322.596,309.489,1,310.401,310.257,1
81,5.346974,1,355.196,152.493,1,290.621,144.850,1,285.721,220.703,1,296.805,296.933,1,304.568,320.809,1,294.728,320.473,1
82,5.413811,1,355.819,152.560,1,290.558,147.185,1,283.365,223.987,1,285.476,300.677,1,292.455,324.529,1,281.952,323.065,1
83,5.480648,1,356.455,152.862,1,290.398,148.843,1,279.348,226.331,1,274.825,298.544,1,278.239,320.624,1,272.037,319.741,1
84,5.547485,1,357.057,153.516,1,288.802,149.177,1,275.481,225.082,1,270.135,293.960,1,272.195,314.703,1,266.461,314.507,1
85,5.614322,1,357.303,153.647,1,288.077,149.105,1,272.641,224.049,1,263.811,291.588,1,266.314,311.886,1,261.504,312.079,1
86,5.681159,1,357.738,153.677,1,287.798,148.936,1,269.929,223.408,1,257.404,290.210,1,259.481,311.249,1,254.259,311.145,1
87,5.747997,1,358.037,153.681,1,287.572,148.825,1,269.628,222.966,1,256.482,289.352,1,258.536,310.518,1,253.050,310.729,1
88,5.814834,1,358.222,153.681,1,287.350,148.821,1,270.673,222.984,1,259.088,290.566,1,261.261,310.638,1,255.648,310.381,1
89,5.881671,1,358.302,153.682,1,287.355,149.397,1,270.965,223.950,1,264.102,292.302,1,266.622,313.300,1,260.922,312.750,1
90,5.948508,1,358.356,153.666,1,288.027,149.823,1,273.624,225.834,1,265.889,297.961,1,268.304,320.751,1,261.240,319.976,1
91,6.015345,1,358.364,153.634,1,288.657,149.834,1,279.263,226.278,1,278.342,302.854,1,285.055,326.361,1,275.098,325.963,1
92,6.082182,1,358.355,153.568,1,289.240,149.459,1,283.284,225.345,1,290.609,300.204,1,299.499,322.597,1,289.189,322.251,1
93,6.149020,1,358.248,153.491,1,289.613,147.673,1,286.272,222.518,1,302.025,291.444,1,315.978,312.693,1,303.715,313.024,1
94,6.215857,1,358.142,153.441,1,290.525,145.746,1,288.627,216.052,1,314.018,272.280,1,329.083,292.116,1,319.625,293.002,1
95,6.282694,1,357.342,152.962,1,291.743,143.179,1,293.348,204.275,1,326.585,244.120,1,343.481,259.385,1,334.968,262.765,1
96,6.349531,1,357.062,152.140,1,292.633,142.258,1,296.300,201.035,1,330.873,237.074,1,346.958,249.549,1,338.859,255.232,1
97,6.416368,1,356.722,151.437,1,293.845,141.708,1,297.866,198.477,1,330.907,230.816,1,346.778,241.846,1,338.143,247.172,1
98,6.483205,1,356.569,151.225,1,294.585,141.077,1,296.932,198.261,1,330.026,234.787,1,345.561,247.492,1,337.591,252.643,1
99,6.550043,1,356.580,152.081,1,294.606,141.080,1,295.628,201.141,1,324.865,244.125,1,339.766,259.668,1,331.508,263.483,1
100,6.616880,1,356.703,152.864,1,294.473,141.120,1,294.664,206.153,1,321.795,261.779,1,335.462,282.394,1,327.297,283.257,1
101,6.683717,1,357.212,154.168,1,294.365,142.853,1,292.224,215.406,1,311.580,284.161,1,324.045,306.233,1,311.779,306.588,1
102,6.750554,1,358.679,154.513,1,294.276,145.100,1,288.476,219.643,1,299.659,294.166,1,307.327,318.838,1,297.372,318.457,1
103,6.817391,1,359.881,154.473,1,294.253,147.254,1,286.880,223.053,1,288.310,300.748,1,294.595,324.258,1,285.198,323.365,1
104,6.884228,1,360.424,154.450,1,294.225,148.991,1,284.310,226.766,1,278.263,299.861,1,281.095,322.957,1,274.912,321.605,1
105,6.951066,1,360.938,154.537,1,293.761,149.752,1,280.172,226.758,1,269.943,296.451,1,271.336,317.872,1,265.134,317.603,1
106,7.017903,1,362.154,154.573,1,292.852,149.685,1,277.406,225.560,1,265.644,294.487,1,267.262,313.643,1,262.991,313.642,1
107,7.084740,1,363.231,154.608,1,292.560,149.474,1,277.154,224.494,1,262.028,291.876,1,262.683,311.473,1,258.344,312.733,1
108,7.151577,1,364.017,154.704,1,292.397,149.439,1,277.253,224.264,1,263.023,292.069,1,262.609,311.738,1,257.682,311.721,1
109,7.218414,1,364.514,154.842,1,292.307,149.364,1,277.105,224.049,1,262.822,291.847,1,262.270,311.773,1,257.166,311.147,1
110,7.285251,1,364.855,154.838,1,292.322,149.393,1,277.537,224.491,1,267.757,292.538,1,268.436,313.739,1,263.094,312.810,1
111,7.352089,1,364.821,154.754,1,293.628,149.630,1,278.822,225.556,1,268.203,297.303,1,269.426,320.395,1,263.408,319.180,1
112,7.418926,1,364.720,153.875,1,294.529,149.608,1,286.250,225.321,1,285.826,300.018,1,292.502,324.348,1,283.254,323.397,1
113,7.485763,1,364.629,153.235,1,295.222,148.879,1,290.305,223.954,1,294.986,298.485,1,303.241,322.901,1,293.118,322.246,1
114,7.552600,1,364.561,152.556,1,295.568,146.682,1,292.998,221.279,1,306.643,294.145,1,319.824,318.961,1,307.992,318.811,1
115,7.619437,1,364.385,152.255,1,295.673,143.963,1,295.471,215.340,1,318.672,278.580,1,332.890,299.856,1,323.964,299.966,1
116,7.686275,1,363.230,150.910,1,297.113,141.018,1,299.862,208.000,1,330.044,257.903,1,345.576,276.635,1,336.761,279.030,1
117,7.753112,1,362.489,148.981,1,297.577,139.489,1,302.404,201.616,1,337.899,242.991,1,353.311,257.802,1,345.063,262.887,1
118,7.819949,1,361.822,147.833,1,298.014,137.953,1,303.572,196.846,1,340.692,235.876,1,356.370,247.132,1,348.161,253.455,1
119,7.886786,1,361.228,147.250,1,298.606,136.958,1,303.767,196.282,1,341.727,236.006,1,356.844,248.066,1,349.181,253.665,1
120,7.953623,1,360.960,147.282,1,298.523,136.599,1,303.079,199.702,1,339.828,245.057,1,354.588,260.624,1,346.493,264.627,1
121,8.020460,1,360.975,147.464,1,298.395,136.734,1,301.985,201.355,1,333.768,254.375,1,347.776,274.609,1,339.410,274.658,1
122,8.087298,1,361.096,147.717,1,298.180,137.111,1,300.735,206.943,1,328.757,274.194,1,343.505,296.072,1,330.663,296.599,1
123,8.154135,1,362.329,148.351,1,298.029,138.525,1,295.584,213.481,1,308.137,290.963,1,315.613,314.586,1,305.385,314.070,1
124,8.220972,1,363.413,148.419,1,297.956,140.724,1,292.317,217.514,1,299.445,296.722,1,305.798,320.100,1,296.409,319.789,1
125,8.287809,1,364.604,148.470,1,297.654,142.010,1,289.116,219.718,1,289.798,296.683,1,294.989,320.728,1,285.946,319.717,1
126,8.354646,1,365.304,148.496,1,297.003,143.021,1,285.482,221.992,1,280.178,296.934,1,283.289,320.100,1,276.427,319.185,1
127,8.421483,1,366.284,148.657,1,295.411,143.736,1,280.816,220.768,1,274.123,292.211,1,276.092,314.082,1,270.069,313.889,1
128,8.488321,1,367.018,149.043,1,295.020,143.898,1,277.617,219.878,1,269.983,289.834,1,271.136,311.551,1,265.359,312.422,1
129,8.555158,1,367.597,149.137,1,294.888,143.844,1,276.264,219.385,1,266.408,288.919,1,267.647,311.359,1,261.184,310.835,1
130,8.621995,1,367.797,149.150,1,294.552,143.894,1,276.764,219.098,1,267.922,288.032,1,268.688,309.970,1,263.476,309.999,1
131,8.688832,1,367.842,149.059,1,294.521,143.900,1,278.306,218.923,1,270.964,288.323,1,271.927,309.657,1,265.864,309.455,1
132,8.755669,1,367.969,148.923,1,294.592,143.889,1,279.800,219.206,1,274.654,288.939,1,277.030,310.958,1,270.435,310.058,1
133,8.822506,1,368.112,148.828,1,295.540,143.794,1,281.905,219.606,1,277.657,291.927,1,280.933,315.762,1,272.552,314.225,1
134,8.889344,1,368.058,148.550,1,296.369,143.608,1,286.674,219.554,1,287.995,294.959,1,295.206,319.647,1,284.562,317.936,1
135,8.956181,1,367.859,148.311,1,297.147,142.488,1,291.086,218.349,1,298.769,293.715,1,307.190,317.626,1,296.551,316.545,1
136,9.023018,1,366.542,147.461,1,297.717,140.329,1,294.251,216.209,1,308.156,290.219,1,319.307,313.859,1,308.473,313.445,1
137,9.089855,1,364.741,145.942,1,297.949,137.763,1,297.096,211.324,1,322.312,278.285,1,335.634,299.755,1,326.265,299.974,1
138,9.156692,1,363.778,144.527,1,298.767,134.476,1,302.012,204.991,1,332.742,259.992,1,346.996,280.144,1,338.165,282.126,1
139,9.223529,1,362.104,141.813,1,299.816,131.777,1,305.283,197.105,1,341.345,246.517,1,356.029,265.084,1,348.670,268.755,1
140,9.290367,1,361.163,140.933,1,300.338,129.732,1,306.364,192.903,1,343.911,237.642,1,359.069,253.299,1,351.136,259.245,1
141,9.357204,1,360.503,140.932,1,300.546,128.623,1,306.636,191.441,1,344.121,236.060,1,359.003,250.762,1,350.975,256.722,1
142,9.424041,1,360.337,141.234,1,300.727,128.271,1,305.747,193.147,1,340.611,240.505,1,356.456,257.509,1,347.663,261.787,1
143,9.490878,1,360.501,141.418,1,300.659,128.552,1,304.692,195.225,1,336.359,245.046,1,350.746,261.056,1,342.128,266.916,1
144,9.557715,1,360.749,141.886,1,300.310,128.987,1,303.035,200.330,1,332.811,265.552,1,349.666,286.071,1,337.032,287.385,1
145,9.624552,1,361.492,142.321,1,300.401,129.969,1,300.338,206.103,1,318.308,282.273,1,330.178,304.087,1,317.465,304.188,1
146,9.691390,1,363.067,143.510,1,300.454,132.403,1,295.916,210.001,1,305.360,288.699,1,312.875,313.117,1,302.812,312.473,1
147,9.758227,1,365.060,143.989,1,300.305,134.088,1,294.010,212.272,1,295.475,292.168,1,301.916,317.200,1,291.963,315.207,1
148,9.825064,1,367.352,144.403,1,299.579,135.038,1,290.597,212.634,1,286.960,286.438,1,291.362,310.402,1,283.784,308.625,1
149,9.891901,1,368.833,144.820,1,298.101,135.619,1,288.678,212.195,1,283.193,283.475,1,284.508,308.018,1,280.030,308.391,1
150,9.958738,1,369.804,145.066,1,297.253,135.894,1,287.731,211.693,1,280.815,282.705,1,281.729,304.152,1,277.325,304.329,1
151,10.025575,1,370.208,145.153,1,296.435,135.923,1,286.559,211.360,1,278.108,281.720,1,278.855,304.058,1,273.825,303.361,1
152,10.092413,1,370.222,145.219,1,296.233,136.035,1,287.394,211.222,1,280.496,281.213,1,281.152,302.664,1,276.538,301.486,1
153,10.159250,1,370.390,145.287,1,296.800,136.553,1,287.910,212.482,1,282.971,282.809,1,285.883,306.671,1,279.559,303.849,1
154,10.226087,1,370.257,145.294,1,297.073,136.800,1,289.073,214.024,1,285.230,288.358,1,288.372,313.199,1,282.415,311.246,1
155,10.292924,1,370.158,145.264,1,298.257,136.781,1,291.613,213.754,1,294.066,289.859,1,300.552,314.959,1,291.531,313.875,1
156,10.359761,1,369.531,145.227,1,299.296,136.335,1,295.069,213.527,1,306.817,288.254,1,318.724,312.135,1,306.543,311.403,1
157,10.426598,1,369.047,145.054,1,299.980,135.218,1,298.226,210.443,1,323.358,280.537,1,338.151,303.381,1,327.423,303.400,1
158,10.493436,1,368.885,144.604,1,300.529,133.358,1,302.505,204.695,1,335.173,262.699,1,350.175,284.349,1,341.215,285.203,1
159,10.560273,1,368.057,144.265,1,301.221,132.165,1,304.615,202.323,1,342.580,252.388,1,359.438,270.968,1,351.260,274.656,1
160,10.627110,1,367.783,143.936,1,302.077,131.113,1,306.037,199.436,1,346.486,247.518,1,361.685,263.835,1,353.655,268.086,1
161,10.693947,1,366.881,143.489,1,302.284,129.123,1,305.954,197.734,1,345.703,248.805,1,360.629,267.140,1,352.429,270.184,1
162,10.760784,1,366.664,143.641,1,302.744,129.216,1,305.634,199.048,1,341.193,254.070,1,355.864,272.950,1,347.439,275.398,1
163,10.827621,1,366.701,144.520,1,302.744,129.412,1,305.045,201.948,1,337.704,267.022,1,350.912,288.494,1,344.431,288.506,1
164,10.894459,1,366.754,145.344,1,302.866,131.102,1,302.487,207.344,1,321.149,281.313,1,332.662,304.701,1,321.180,304.683,1
165,10.961296,1,367.912,145.983,1,302.887,134.150,1,300.008,210.996,1,302.159,290.147,1,308.577,315.130,1,299.625,314.074,1
166,11.028133,1,369.801,146.826,1,302.952,136.552,1,297.632,214.274,1,294.973,293.846,1,300.702,317.619,1,291.877,316.353,1
167,11.094970,1,371.837,147.776,1,302.422,138.550,1,291.546,214.729,1,285.528,288.506,1,288.706,311.400,1,281.861,310.489,1
168,11.161807,1,372.953,147.857,1,301.952,138.942,1,289.556,214.242,1,281.037,286.882,1,283.565,310.510,1,277.399,310.175,1
169,11.228645,1,373.208,147.802,1,301.412,138.887,1,290.361,213.756,1,278.104,285.097,1,277.951,310.032,1,273.866,308.457,1
170,11.295482,1,373.245,147.790,1,300.588,139.012,1,290.922,213.423,1,278.061,284.012,1,277.895,309.023,1,274.492,307.126,1
171,11.362319,1,373.358,147.753,1,299.946,139.147,1,291.028,213.396,1,280.587,283.392,1,281.209,308.705,1,276.360,306.556,1
172,11.429156,1,373.391,147.733,1,299.958,139.929,1,290.299,214.701,1,282.940,284.540,1,285.122,308.733,1,279.615,306.611,1
173,11.495993,1,373.305,147.711,1,299.988,140.186,1,290.857,216.661,1,283.539,291.729,1,289.262,316.101,1,280.121,314.053,1
174,11.562830,1,372.802,147.698,1,300.243,140.054,1,294.823,216.501,1,297.799,292.712,1,306.319,317.447,1,295.864,316.390,1
175,11.629668,1,371.238,147.532,1,301.325,139.614,1,298.494,216.221,1,311.975,291.423,1,324.560,314.935,1,312.174,313.722,1
176,11.696505,1,370.169,146.936,1,301.698,136.993,1,300.688,209.256,1,327.681,274.982,1,342.999,296.269,1,333.593,296.178,1
177,11.763342,1,369.272,146.115,1,301.865,134.595,1,305.646,203.982,1,342.494,254.149,1,358.882,273.384,1,350.324,276.677,1
178,11.830179,1,367.717,145.080,1,302.464,132.864,1,309.924,193.710,1,350.085,232.392,1,366.262,243.916,1,358.155,250.405,1
179,11.897016,1,365.341,144.100,1,302.541,131.895,1,312.555,190.058,1,352.907,219.671,1,370.070,228.630,1,361.590,235.094,1
180,11.963853,1,364.398,143.473,1,302.636,131.349,1,312.655,189.599,1,353.868,220.955,1,370.725,231.574,1,362.099,237.612,1
181,12.030691,1,364.246,143.456,1,302.822,130.945,1,311.805,192.531,1,352.385,233.571,1,367.917,246.760,1,360.289,252.741,1
182,12.097528,1,364.501,143.496,1,302.828,131.121,1,310.895,192.836,1,347.141,244.141,1,361.678,266.240,1,353.270,267.421,1
183,12.164365,1,364.809,144.503,1,302.601,131.982,1,307.351,202.228,1,339.338,268.825,1,353.145,291.215,1,342.560,290.680,1
184,12.231202,1,364.921,144.737,1,302.534,133.886,1,302.619,209.743,1,318.972,285.184,1,329.950,308.835,1,318.167,308.706,1
185,12.298039,1,365.852,144.933,1,302.216,137.427,1,299.005,215.072,1,305.450,294.480,1,312.584,318.178,1,303.035,317.316,1
186,12.364876,1,367.666,145.301,1,301.259,139.131,1,293.198,216.616,1,291.591,292.841,1,297.512,316.580,1,289.161,314.921,1
187,12.431714,1,369.224,145.402,1,299.958,139.861,1,290.840,215.775,1,286.622,285.795,1,289.001,307.887,1,282.681,306.791,1
188,12.498551,1,370.253,145.305,1,298.412,139.889,1,288.753,215.761,1,278.571,283.593,1,279.137,304.428,1,274.408,303.546,1
189,12.565388,1,370.688,145.218,1,297.668,139.899,1,288.649,215.063,1,274.962,282.464,1,275.508,302.373,1,271.296,301.714,1
190,12.632225,1,370.856,145.127,1,297.043,139.927,1,287.937,215.191,1,274.793,283.262,1,274.700,303.067,1,270.769,301.676,1
191,12.699062,1,370.950,145.127,1,296.244,139.987,1,288.292,215.661,1,278.892,284.008,1,279.939,303.455,1,275.509,302.834,1
192,12.765899,1,371.011,145.127,1,296.435,140.324,1,288.789,216.717,1,282.709,287.609,1,284.916,309.531,1,279.631,308.059,1
193,12.832737,1,370.992,145.120,1,296.544,140.443,1,289.088,216.987,1,285.118,290.738,1,286.556,315.477,1,282.662,313.436,1
194,12.899574,1,370.788,145.057,1,297.168,140.379,1,293.551,216.946,1,296.063,292.781,1,302.233,317.789,1,293.945,316.433,1
195,12.966411,1,370.466,144.817,1,298.771,139.728,1,297.908,216.721,1,307.586,290.781,1,318.098,314.523,1,307.114,313.715,1
196,13.033248,1,369.446,144.671,1,298.859,137.800,1,301.072,211.937,1,320.447,279.419,1,335.662,301.082,1,324.613,301.400,1
197,13.066667,1,368.617,144.495,1,298.900,135.791,1,301.830,206.128,1,326.902,268.253,1,342.254,289.412,1,332.962,289.456,1
198,13.133504,1,367.924,144.202,1,299.356,134.211,1,304.110,201.763,1,335.904,250.596,1,351.740,269.003,1,343.408,272.384,1
199,13.200341,1,365.586,143.447,1,300.817,132.335,1,308.000,195.016,1,345.402,234.911,1,361.130,247.701,1,354.129,254.741,1
200,13.267178,1,363.773,142.909,1,302.304,131.713,1,309.090,190.689,1,346.602,227.545,1,362.515,234.990,1,355.526,243.278,1
201,13.334015,1,363.330,142.850,1,303.205,131.592,1,308.522,191.817,1,346.704,228.184,1,362.424,235.356,1,355.612,244.517,1
202,13.400853,1,363.616,143.430,1,303.064,131.664,1,308.097,194.374,1,341.968,238.117,1,358.121,251.426,1,350.254,257.147,1
203,13.467690,1,363.990,143.695,1,302.996,131.748,1,306.104,195.020,1,338.448,251.490,1,353.021,272.041,1,345.218,271.314,1
204,13.534527,1,364.407,144.244,1,302.906,132.962,1,304.873,205.693,1,327.936,274.813,1,342.954,297.842,1,330.105,298.137,1
205,13.601364,1,365.078,145.135,1,302.862,135.229,1,301.995,211.612,1,313.562,288.228,1,321.902,311.637,1,311.794,311.345,1
206,13.668201,1,366.500,145.543,1,301.305,136.646,1,299.249,214.054,1,300.764,290.772,1,306.541,314.531,1,297.495,312.552,1
207,13.735038,1,368.390,146.275,1,299.310,137.843,1,292.793,213.573,1,290.942,284.023,1,295.822,306.142,1,288.590,304.700,1
208,13.801876,1,369.609,146.509,1,298.166,138.463,1,289.905,213.153,1,285.588,280.376,1,288.745,301.200,1,283.592,300.850,1
209,13.868713,1,370.353,146.527,1,297.981,139.082,1,288.616,214.530,1,279.779,280.602,1,279.977,300.577,1,275.484,299.611,1
210,13.935550,1,370.552,146.532,1,297.792,139.135,1,288.292,214.692,1,277.802,281.533,1,277.161,300.695,1,272.987,299.674,1
211,14.002387,1,370.870,146.694,1,297.446,139.318,1,288.162,215.204,1,277.409,282.391,1,277.004,300.982,1,272.959,299.991,1
212,14.069224,1,371.305,146.903,1,297.435,139.480,1,288.801,215.205,1,281.783,281.769,1,283.029,301.144,1,277.497,300.546,1
213,14.136061,1,371.444,147.065,1,298.153,140.354,1,289.327,216.349,1,284.852,284.477,1,287.167,306.240,1,281.586,304.424,1
214,14.202899,1,371.398,147.077,1,298.976,140.766,1,293.873,217.420,1,290.064,291.950,1,296.270,316.309,1,286.779,314.070,1
215,14.269736,1,371.104,147.052,1,300.577,140.676,1,299.127,217.087,1,303.742,292.153,1,311.440,316.490,1,301.677,315.444,1
216,14.336573,1,370.469,147.033,1,301.697,140.443,1,301.234,216.823,1,315.130,289.956,1,327.745,313.092,1,315.460,312.349,1
217,14.403410,1,369.830,146.990,1,301.920,138.792,1,302.521,212.431,1,329.546,278.260,1,344.723,299.591,1,335.091,299.909,1
218,14.470247,1,369.353,146.912,1,302.565,136.775,1,305.367,206.204,1,339.932,256.980,1,356.158,276.811,1,347.651,279.806,1
219,14.537084,1,367.593,146.444,1,304.097,134.744,1,308.730,197.293,1,348.540,239.722,1,364.607,253.572,1,356.785,259.487,1
220,14.603922,1,365.773,145.945,1,305.508,133.881,1,311.752,191.080,1,350.865,226.764,1,367.729,237.120,1,359.039,243.599,1
221,14.670759,1,364.492,145.030,1,305.920,132.658,1,311.913,186.591,1,350.351,219.339,1,368.198,230.051,1,358.572,235.701,1
222,14.737596,1,364.095,145.056,1,305.715,132.185,1,311.028,190.650,1,349.254,228.732,1,365.343,240.542,1,358.164,246.991,1
223,14.804433,1,364.261,145.067,1,305.579,132.052,1,310.083,193.095,1,345.973,235.462,1,362.025,249.668,1,354.215,254.687,1
224,14.871270,1,364.289,145.419,1,305.240,132.255,1,307.845,196.035,1,345.190,250.461,1,359.249,271.085,1,352.109,271.249,1
225,14.938107,1,364.723,146.036,1,304.810,133.704,1,306.190,206.428,1,331.206,275.222,1,343.736,297.644,1,331.651,297.784,1
226,15.004945,1,365.601,146.868,1,304.817,137.032,1,303.840,213.117,1,315.927,289.910,1,323.723,312.934,1,313.743,312.543,1
227,15.071782,1,367.074,147.780,1,304.778,139.915,1,301.779,217.659,1,304.998,296.098,1,311.094,318.993,1,301.870,318.008,1
228,15.138619,1,369.683,149.077,1,302.327,141.498,1,296.033,218.505,1,289.956,292.395,1,292.072,314.105,1,286.482,312.848,1
229,15.205456,1,371.115,149.564,1,300.896,142.517,1,294.350,219.697,1,287.505,292.184,1,289.254,313.675,1,283.375,312.245,1
230,15.272293,1,371.728,149.482,1,300.029,142.551,1,293.243,217.840,1,287.128,286.493,1,288.368,307.185,1,283.618,306.788,1
231,15.339130,1,372.110,149.320,1,299.516,142.902,1,289.386,218.207,1,281.262,285.976,1,283.207,305.570,1,277.858,305.321,1
232,15.405968,1,372.207,149.218,1,299.212,143.219,1,288.277,218.430,1,280.312,285.712,1,282.039,304.973,1,277.230,304.551,1
233,15.472805,1,372.283,149.154,1,298.657,143.076,1,289.538,217.795,1,284.236,284.526,1,286.284,303.990,1,281.616,303.756,1
234,15.539642,1,372.362,149.106,1,298.480,143.375,1,290.211,217.549,1,287.414,283.846,1,290.508,303.236,1,285.018,303.386,1
235,15.606479,1,372.403,149.069,1,298.895,143.883,1,290.611,218.287,1,289.029,286.312,1,292.874,309.856,1,286.801,307.714,1
236,15.673316,1,372.345,148.994,1,299.553,144.116,1,291.194,218.873,1,291.015,292.094,1,296.886,317.521,1,287.975,314.987,1
237,15.740153,1,371.865,148.983,1,300.409,144.174,1,294.324,219.783,1,299.388,294.539,1,306.906,319.015,1,296.882,317.719,1
238,15.806991,1,371.027,149.015,1,301.215,144.030,1,296.630,219.602,1,306.897,293.738,1,315.496,317.516,1,305.292,317.070,1
239,15.873828,1,369.926,149.004,1,302.076,143.722,1,298.982,219.689,1,313.484,292.440,1,325.042,315.704,1,313.463,315.402,1
240,15.940665,1,368.440,148.401,1,302.725,142.299,1,300.863,217.828,1,322.131,288.557,1,337.496,309.792,1,324.953,310.835,1
241,16.007502,1,367.526,148.288,1,302.712,140.452,1,301.796,214.026,1,329.124,278.431,1,344.985,298.880,1,334.453,299.776,1
242,16.074339,1,367.024,148.143,1,302.783,139.035,1,304.036,209.909,1,336.033,263.598,1,351.822,282.600,1,342.445,284.402,1
243,16.141176,1,366.538,148.200,1,303.161,138.293,1,305.274,204.944,1,340.985,248.814,1,357.701,262.879,1,349.577,268.438,1
244,16.208014,1,364.933,148.012,1,304.397,137.321,1,308.051,197.159,1,346.562,232.757,1,362.730,240.017,1,355.420,248.055,1
245,16.274851,1,362.713,147.466,1,305.579,136.443,1,310.177,191.791,1,347.745,218.563,1,365.162,225.294,1,357.748,232.939,1
246,16.341688,1,360.979,146.450,1,305.886,135.592,1,310.707,189.226,1,350.557,209.141,1,369.232,211.956,1,362.837,221.482,1
247,16.408525,1,360.757,146.277,1,306.167,135.409,1,310.874,187.582,1,352.153,203.336,1,371.001,204.584,1,364.609,212.856,1
248,16.475362,1,360.693,146.294,1,306.299,135.425,1,310.568,185.706,1,351.534,198.235,1,370.117,197.009,1,364.375,205.117,1
249,16.542199,1,360.965,146.321,1,306.246,135.515,1,310.214,185.451,1,351.571,196.258,1,368.868,192.785,1,364.781,201.201,1
250,16.609037,1,361.338,146.329,1,305.739,135.490,1,309.923,185.837,1,350.665,192.679,1,366.879,187.237,1,363.690,196.861,1
251,16.675874,1,362.101,146.337,1,305.290,135.541,1,309.709,186.102,1,348.897,191.425,1,364.896,183.790,1,361.985,194.692,1
252,16.742711,1,363.196,146.751,1,305.020,135.527,1,309.603,186.486,1,348.097,189.499,1,363.983,181.714,1,361.340,192.317,1
253,16.809548,1,363.618,146.801,1,304.846,135.483,1,309.669,187.038,1,348.309,188.474,1,363.694,178.022,1,362.256,189.347,1
254,16.876385,1,364.188,146.815,1,304.804,135.473,1,309.938,187.240,1,348.658,187.371,1,363.397,177.068,1,362.273,187.694,1
255,16.943223,1,364.302,146.817,1,304.797,135.437,1,309.977,186.969,1,348.914,185.346,1,363.377,174.459,1,362.692,185.378,1
256,17.010060,1,364.353,146.817,1,305.064,135.319,1,310.353,186.354,1,350.694,184.086,1,364.130,172.118,1,364.275,181.564,1
257,17.076897,1,364.428,146.840,1,305.438,135.310,1,310.533,185.570,1,350.788,183.423,1,364.032,171.179,1,364.215,180.257,1
258,17.143734,1,364.619,146.904,1,305.760,135.273,1,310.583,185.202,1,350.727,182.588,1,364.019,170.126,1,364.266,179.085,1
259,17.210571,1,364.787,147.006,1,305.883,135.201,1,310.707,185.126,1,350.778,182.029,1,364.095,169.507,1,364.481,178.394,1
260,17.277408,1,365.055,147.106,1,305.919,135.167,1,310.714,185.147,1,350.607,182.220,1,364.023,169.728,1,364.284,178.771,1
261,17.344246,1,365.436,147.145,1,305.937,135.170,1,310.988,185.268,1,350.563,182.072,1,363.981,169.070,1,364.286,178.044,1
262,17.411083,1,365.697,147.162,1,306.045,135.151,1,311.482,185.308,1,350.599,181.831,1,363.939,168.759,1,364.269,177.606,1
263,17.477920,1,365.757,147.018,1,306.206,135.152,1,312.174,185.348,1,350.578,181.941,1,363.903,169.066,1,364.219,177.840,1
264,17.544757,1,365.896,146.811,1,306.416,135.166,1,312.653,185.427,1,350.536,182.365,1,363.646,169.536,1,364.150,178.421,1
265,17.611594,1,366.037,146.686,1,306.616,135.234,1,312.843,185.481,1,350.505,182.747,1,363.444,170.017,1,364.096,178.953,1
266,17.678431,1,366.246,146.625,1,306.786,135.293,1,313.081,185.651,1,350.479,183.014,1,363.188,170.503,1,364.073,179.374,1
267,17.745269,1,366.619,146.627,1,307.012,135.356,1,313.216,186.542,1,350.469,183.198,1,363.180,170.476,1,364.034,179.379,1
268,17.812106,1,366.865,146.568,1,307.611,135.362,1,313.275,187.158,1,350.695,183.146,1,363.432,169.434,1,364.209,178.807,1
269,17.878943,1,367.212,146.531,1,307.668,135.364,1,313.213,187.534,1,350.713,182.971,1,363.545,168.891,1,364.269,178.416,1
270,17.945780,1,367.513,146.512,1,307.666,135.381,1,313.043,187.906,1,350.703,182.809,1,363.536,168.459,1,364.258,178.194,1
271,18.012617,1,367.686,146.526,1,307.697,135.356,1,312.911,187.891,1,350.482,182.122,1,363.367,167.117,1,364.230,177.048,1
272,18.079454,1,368.004,146.550,1,307.683,135.309,1,312.874,187.869,1,350.476,181.471,1,363.399,166.397,1,364.304,175.703,1
273,18.146292,1,368.002,146.045,1,307.693,135.164,1,313.115,187.688,1,352.661,179.029,1,365.715,163.945,1,366.598,173.212,1
274,18.213129,1,368.112,145.453,1,307.669,134.971,1,313.363,187.387,1,354.227,177.477,1,367.473,162.278,1,368.411,171.649,1
275,18.279966,1,368.116,145.464,1,307.780,134.612,1,313.318,185.492,1,354.020,173.344,1,368.398,160.287,1,368.571,169.838,1
276,18.346803,1,366.132,145.554,1,308.233,133.915,1,313.331,184.148,1,354.833,167.136,1,370.485,155.852,1,369.540,165.587,1
277,18.413640,1,362.067,145.496,1,309.496,133.861,1,313.169,179.318,1,356.203,160.614,1,372.398,150.755,1,371.356,159.350,1
278,18.480477,1,361.551,145.445,1,309.543,133.539,1,312.494,177.794,1,357.101,156.426,1,373.829,146.501,1,373.127,154.769,1
279,18.547315,1,358.860,144.561,1,308.683,133.428,1,309.833,176.186,1,356.825,151.723,1,373.314,140.398,1,372.793,148.438,1
280,18.614152,1,353.852,142.643,1,307.517,133.165,1,306.343,174.370,1,356.732,148.917,1,372.863,137.755,1,372.446,145.676,1
281,18.680989,1,350.621,141.803,1,305.400,133.190,1,303.248,174.543,1,355.368,145.567,1,371.328,132.824,1,371.221,139.803,1
282,18.747826,1,348.961,141.453,1,302.363,133.194,1,298.720,175.233,1,353.047,145.892,1,367.003,131.508,1,368.300,138.207,1
283,18.814663,1,348.678,141.410,1,298.247,133.492,1,295.316,176.086,1,349.623,147.796,1,362.612,132.762,1,363.885,139.241,1
284,18.881500,1,340.817,141.381,1,293.456,133.421,1,291.335,177.621,1,346.066,149.710,1,358.458,134.707,1,359.837,141.565,1
285,18.948338,1,333.992,140.161,1,291.931,132.216,1,287.326,179.684,1,342.812,150.092,1,355.618,136.355,1,356.554,142.624,1
286,19.015175,1,327.756,138.413,1,286.556,130.442,1,281.192,182.327,1,339.855,153.494,1,353.982,138.447,1,354.408,148.612,1
287,19.082012,1,318.672,135.743,1,284.787,128.802,1,278.673,183.763,1,339.244,160.532,1,353.826,144.095,1,354.383,154.996,1
288,19.148849,1,314.330,134.658,1,282.219,128.096,1,275.974,186.396,1,337.884,165.696,1,353.097,149.447,1,353.405,159.752,1
289,19.215686,1,311.875,134.856,1,282.412,128.245,1,274.959,190.441,1,336.673,168.546,1,352.411,151.317,1,352.803,161.126,1
290,19.282523,1,308.173,133.109,1,281.901,126.795,1,274.016,190.368,1,336.179,169.329,1,352.107,152.165,1,352.396,161.739,1
291,19.349361,1,308.898,131.951,1,278.290,125.125,1,273.725,189.666,1,335.760,169.160,1,351.590,152.060,1,352.205,161.353,1
292,19.416198,1,307.140,132.290,1,278.000,124.939,1,272.442,189.167,1,334.577,168.751,1,351.427,152.108,1,351.613,161.298,1
293,19.483035,1,305.386,132.325,1,277.025,124.667,1,272.548,188.971,1,334.837,168.745,1,351.872,153.007,1,351.894,161.944,1
294,19.549872,1,303.364,132.344,1,275.249,123.402,1,271.507,187.393,1,334.637,171.009,1,352.157,155.807,1,352.034,165.564,1
295,19.616709,1,302.798,132.514,1,274.090,123.268,1,271.623,187.573,1,334.928,173.064,1,352.412,157.291,1,352.745,167.123,1
296,19.683546,1,300.887,131.075,1,273.884,121.709,1,271.823,186.012,1,335.059,173.392,1,352.391,156.993,1,352.871,166.677,1
297,19.750384,1,301.110,131.229,1,274.769,122.036,1,272.245,186.205,1,337.166,173.313,1,353.344,156.562,1,354.974,166.085,1
298,19.817221,1,301.754,131.375,1,274.553,122.252,1,272.471,186.469,1,338.712,173.526,1,354.547,156.290,1,356.568,165.710,1
299,19.884058,1,301.759,131.489,1,274.860,122.421,1,272.531,186.709,1,340.505,173.924,1,356.641,156.115,1,358.447,165.524,1
300,19.950895,1,301.452,131.688,1,275.164,122.775,1,273.933,186.851,1,342.588,173.810,1,359.608,155.989,1,361.119,165.644,1
301,20.017732,1,300.974,131.959,1,275.592,124.179,1,278.134,186.869,1,346.369,174.196,1,362.944,156.657,1,364.871,166.177,1
302,20.084569,1,301.078,132.325,1,275.758,124.341,1,279.810,186.156,1,348.266,174.460,1,366.597,157.093,1,367.306,166.863,1
303,20.151407,1,300.587,132.417,1,275.865,124.514,1,282.992,185.126,1,351.188,174.390,1,369.686,156.995,1,370.516,166.829,1
304,20.218244,1,300.284,132.380,1,275.281,124.145,1,284.677,183.556,1,353.153,174.021,1,371.226,156.918,1,372.163,166.636,1
305,20.285081,1,299.728,132.312,1,275.296,124.144,1,285.892,182.887,1,354.065,173.559,1,372.165,156.789,1,373.003,166.525,1
306,20.351918,1,299.533,132.325,1,275.297,124.144,1,286.331,182.547,1,354.174,173.167,1,372.941,156.608,1,373.438,166.478,1
307,20.418755,1,299.361,132.266,1,275.329,124.150,1,287.252,182.155,1,354.920,172.638,1,373.841,156.417,1,374.297,166.258,1
308,20.485592,1,298.552,131.643,1,275.370,123.929,1,287.749,182.006,1,355.872,172.183,1,373.538,155.818,1,374.677,165.211,1
309,20.552430,1,298.658,131.249,1,275.120,123.350,1,287.830,181.927,1,355.302,171.070,1,373.406,154.860,1,373.954,163.715,1
310,20.619267,1,299.701,130.843,1,274.563,122.656,1,287.648,181.967,1,355.067,169.540,1,373.264,153.427,1,373.459,161.887,1
311,20.686104,1,301.599,130.842,1,274.242,122.464,1,287.810,181.999,1,355.043,167.791,1,372.330,152.009,1,373.159,159.903,1
312,20.752941,1,302.872,131.000,1,274.274,122.533,1,287.841,181.955,1,355.015,166.049,1,369.547,150.528,1,371.854,158.449,1
313,20.819778,1,304.886,131.507,1,274.283,122.541,1,287.541,181.716,1,354.383,165.003,1,367.614,149.129,1,370.713,157.265,1
314,20.886616,1,305.617,131.661,1,274.301,122.434,1,287.180,181.474,1,353.478,164.421,1,366.361,148.204,1,369.631,156.459,1
315,20.953453,1,306.050,131.698,1,274.335,122.371,1,286.922,181.143,1,352.985,163.900,1,365.663,147.475,1,368.968,155.707,1
316,21.020290,1,306.187,131.754,1,274.416,122.323,1,286.704,181.138,1,352.782,163.911,1,365.694,146.791,1,368.908,155.619,1
317,21.087127,1,306.385,131.765,1,274.460,122.057,1,286.330,181.138,1,352.355,164.058,1,365.716,146.809,1,368.822,155.827,1
318,21.153964,1,306.589,131.793,1,274.519,121.960,1,285.938,181.145,1,351.776,164.098,1,365.706,146.767,1,368.601,155.949,1
319,21.220801,1,306.909,131.817,1,274.530,121.824,1,285.427,181.129,1,351.056,164.071,1,365.561,146.596,1,368.189,155.963,1
320,21.287639,1,307.019,131.839,1,274.558,121.776,1,285.174,180.965,1,350.521,164.098,1,365.506,146.596,1,367.917,156.034,1
321,21.354476,1,306.994,131.845,1,274.843,121.780,1,284.949,180.941,1,350.153,164.139,1,365.466,146.611,1,367.765,156.066,1
322,21.421313,1,306.961,131.849,1,275.004,121.818,1,284.842,180.939,1,349.958,164.168,1,365.455,146.585,1,367.697,156.032,1
323,21.488150,1,306.965,131.832,1,275.031,121.679,1,284.543,180.939,1,349.813,164.190,1,365.430,146.581,1,367.598,156.005,1
324,21.554987,1,307.021,131.821,1,275.078,121.464,1,284.318,180.936,1,349.754,164.204,1,365.415,146.550,1,367.526,155.959,1
325,21.621824,1,307.021,131.664,1,275.186,121.279,1,284.176,180.913,1,349.677,164.224,1,365.358,146.417,1,367.456,155.856,1
326,21.688662,1,307.042,131.494,1,275.404,121.280,1,284.077,180.918,1,349.655,164.089,1,365.275,146.149,1,367.411,155.563,1
327,21.755499,1,307.022,131.440,1,275.877,121.415,1,284.021,180.933,1,349.590,164.074,1,365.132,146.123,1,367.355,155.472,1
328,21.822336,1,306.785,131.391,1,276.238,121.696,1,284.017,180.995,1,349.578,163.805,1,364.888,145.986,1,367.171,155.064,1
329,21.889173,1,306.794,131.347,1,276.331,121.899,1,284.013,181.008,1,349.587,163.213,1,364.583,145.854,1,366.937,154.772,1
330,21.956010,1,306.796,131.285,1,276.455,122.039,1,284.042,181.043,1,349.808,162.248,1,364.414,145.498,1,366.852,154.218,1
331,22.022847,1,307.374,131.317,1,276.787,122.526,1,284.617,181.032,1,350.279,161.422,1,364.433,145.272,1,366.858,153.867,1
332,22.089685,1,308.005,131.425,1,277.064,122.702,1,285.048,180.907,1,350.641,161.068,1,364.472,145.147,1,366.883,153.706,1
333,22.156522,1,308.238,131.489,1,277.417,122.772,1,285.640,180.816,1,350.726,160.995,1,364.525,144.966,1,366.876,153.654,1
334,22.223359,1,308.316,131.526,1,277.606,122.782,1,285.624,180.795,1,350.769,160.964,1,364.756,144.675,1,366.922,153.625,1
335,22.290196,1,308.332,131.596,1,277.890,122.811,1,285.604,180.768,1,350.768,160.983,1,364.817,144.601,1,366.922,153.634,1
336,22.357033,1,308.446,131.637,1,278.212,122.813,1,285.598,180.761,1,350.786,161.009,1,364.974,144.472,1,366.981,153.638,1
337,22.423870,1,308.737,131.686,1,278.665,122.801,1,285.597,180.683,1,350.826,161.044,1,365.165,144.396,1,367.113,153.642,1
338,22.490708,1,308.784,131.751,1,279.232,122.794,1,285.822,180.624,1,350.947,161.133,1,365.326,144.386,1,367.283,153.646,1
339,22.557545,1,308.461,131.754,1,279.829,122.721,1,286.432,180.347,1,350.996,161.311,1,365.367,144.435,1,367.357,153.665,1
340,22.624382,1,307.920,131.786,1,280.588,122.721,1,286.704,179.871,1,351.012,161.421,1,365.380,144.501,1,367.406,153.670,1
341,22.691219,1,307.820,131.865,1,281.074,122.759,1,286.928,179.356,1,351.018,161.440,1,365.381,144.502,1,367.408,153.619,1
342,22.758056,1,307.787,131.873,1,281.281,122.766,1,286.915,178.948,1,351.017,161.330,1,365.381,144.401,1,367.395,153.481,1
343,22.824893,1,307.789,131.883,1,281.356,122.774,1,286.908,178.689,1,351.021,161.079,1,365.383,144.135,1,367.395,153.246,1
344,22.891731,1,307.616,131.874,1,281.593,123.012,1,287.379,178.520,1,351.199,160.480,1,365.401,143.646,1,367.406,152.851,1
345,22.958568,1,307.642,131.805,1,281.716,123.333,1,287.370,178.513,1,351.220,160.217,1,364.765,143.332,1,366.980,152.367,1
346,23.025405,1,307.637,131.631,1,281.767,123.322,1,287.322,178.235,1,351.307,160.173,1,364.582,143.229,1,366.903,152.243,1
347,23.092242,1,307.634,131.502,1,281.861,123.315,1,287.469,178.085,1,351.337,160.166,1,364.468,143.231,1,366.801,152.238,1
348,23.159079,1,307.651,131.419,1,281.987,123.314,1,287.649,177.947,1,351.435,160.164,1,364.449,143.211,1,366.793,152.221,1
349,23.225916,1,307.652,131.362,1,282.347,123.342,1,287.891,177.742,1,351.477,160.132,1,364.451,142.850,1,366.790,152.126,1
350,23.292754,1,307.109,131.243,1,282.687,123.350,1,288.371,177.565,1,351.580,159.984,1,364.644,142.617,1,366.855,152.060,1
351,23.359591,1,306.508,131.136,1,283.127,123.452,1,288.852,177.477,1,351.905,159.755,1,364.880,142.416,1,367.142,151.891,1
352,23.426428,1,306.011,131.105,1,283.307,123.521,1,289.077,177.457,1,352.067,159.714,1,365.058,142.354,1,367.365,151.857,1
353,23.493265,1,305.926,131.098,1,283.399,123.550,1,289.301,177.446,1,352.147,159.648,1,365.176,142.316,1,367.482,151.834,1
354,23.560102,1,305.661,131.087,1,283.443,123.557,1,289.431,177.397,1,352.159,159.608,1,365.196,142.315,1,367.504,151.828,1
355,23.626939,1,305.539,131.094,1,283.547,123.583,1,289.463,177.394,1,352.161,159.604,1,365.218,142.315,1,367.519,151.825,1
356,23.693777,1,305.267,131.109,1,283.813,123.606,1,289.605,177.381,1,352.164,159.612,1,365.266,142.319,1,367.553,151.826,1
357,23.760614,1,305.226,131.112,1,283.953,123.578,1,289.675,177.420,1,352.155,159.666,1,365.273,142.333,1,367.554,151.841,1
358,23.827451,1,305.300,131.109,1,283.966,123.550,1,289.676,177.619,1,352.167,159.696,1,365.332,142.327,1,367.608,151.844,1
359,23.894288,1,305.555,131.108,1,284.027,123.614,1,289.751,178.509,1,352.386,159.670,1,365.404,142.213,1,367.709,151.799,1
360,23.961125,1,306.994,131.146,1,284.082,123.943,1,290.106,179.275,1,352.938,159.542,1,365.401,142.190,1,367.771,151.533,1
361,24.027962,1,307.535,131.210,1,284.146,124.479,1,290.104,179.712,1,353.486,159.541,1,365.544,142.282,1,368.181,151.488,1
362,24.094800,1,307.808,131.240,1,284.164,124.813,1,290.108,180.191,1,353.866,159.565,1,365.732,142.613,1,368.467,151.583,1
363,24.161637,1,308.117,131.240,1,284.167,124.907,1,290.107,180.731,1,354.238,159.638,1,365.904,142.852,1,368.761,151.663,1
364,24.228474,1,308.484,131.241,1,284.166,124.912,1,290.111,181.135,1,354.471,159.709,1,366.281,142.852,1,369.127,151.681,1
365,24.295311,1,308.761,131.270,1,284.141,124.843,1,290.161,181.233,1,354.545,159.826,1,366.775,142.851,1,369.462,151.754,1
366,24.362148,1,308.796,131.327,1,284.155,124.806,1,290.194,181.322,1,354.560,160.058,1,367.020,142.938,1,369.608,152.009,1
367,24.428986,1,308.749,131.328,1,284.216,124.738,1,290.257,181.309,1,354.629,160.231,1,367.319,142.962,1,369.976,152.111,1
368,24.495823,1,308.734,131.319,1,284.216,124.579,1,290.297,181.294,1,354.632,160.437,1,367.420,143.025,1,370.089,152.204,1
369,24.562660,1,308.730,131.320,1,284.180,124.373,1,290.363,181.282,1,354.631,160.597,1,367.462,143.092,1,370.161,152.282,1
370,24.629497,1,308.732,131.324,1,284.143,124.278,1,290.368,181.273,1,354.629,160.677,1,367.510,143.103,1,370.230,152.320,1
371,24.696334,1,309.014,131.280,1,283.756,123.840,1,290.369,181.228,1,354.638,160.715,1,367.643,143.102,1,370.332,152.390,1
372,24.763171,1,309.065,131.321,1,283.648,123.841,1,290.442,181.214,1,354.660,160.705,1,367.665,142.966,1,370.339,152.389,1
373,24.830009,1,308.188,131.288,1,283.780,124.112,1,291.588,181.212,1,354.891,160.705,1,367.665,142.974,1,370.341,152.561,1
374,24.896846,1,306.808,131.266,1,284.964,125.256,1,293.129,181.496,1,355.498,161.252,1,367.681,143.812,1,370.514,153.316,1
375,24.963683,1,306.012,131.381,1,286.403,126.538,1,293.944,184.223,1,355.712,164.075,1,367.666,146.730,1,370.650,155.720,1
376,25.030520,1,306.142,132.017,1,286.500,126.470,1,292.181,186.524,1,354.829,171.919,1,367.657,153.787,1,370.514,163.033,1
377,25.097357,1,308.042,133.647,1,286.314,126.196,1,290.477,189.865,1,352.461,186.582,1,366.914,173.320,1,368.548,184.469,1
378,25.164194,1,312.899,135.906,1,286.590,126.141,1,287.890,193.164,1,348.065,212.696,1,366.070,206.541,1,363.813,216.339,1
379,25.231032,1,318.582,137.079,1,286.574,125.037,1,284.844,193.921,1,332.491,245.882,1,350.257,254.748,1,342.915,259.517,1
380,25.297869,1,323.508,138.161,1,286.579,125.400,1,282.312,199.241,1,316.406,275.535,1,329.923,296.687,1,320.949,297.314,1
381,25.364706,1,327.862,141.083,1,286.563,127.959,1,282.006,211.084,1,300.648,296.324,1,311.824,323.884,1,302.668,322.666,1
382,25.431543,1,332.880,143.934,1,286.732,130.083,1,280.114,218.096,1,282.911,301.325,1,290.879,328.766,1,280.821,327.964,1
383,25.498380,1,339.104,148.192,1,285.880,130.674,1,276.698,217.365,1,272.849,296.874,1,276.765,324.100,1,267.617,322.014,1
384,25.565217,1,343.974,149.917,1,283.633,130.991,1,270.070,214.347,1,262.919,287.904,1,266.874,314.689,1,257.882,311.012,1
385,25.632055,1,347.349,150.470,1,281.639,130.753,1,265.339,213.075,1,257.998,276.970,1,261.456,301.508,1,252.975,299.485,1
386,25.698892,1,348.311,150.820,1,279.904,130.585,1,261.885,212.507,1,253.458,273.934,1,256.607,297.812,1,248.041,295.089,1
387,25.765729,1,348.959,150.212,1,278.276,130.428,1,259.439,210.731,1,249.609,276.822,1,252.708,300.363,1,243.166,297.431,1
388,25.832566,1,349.509,149.686,1,276.819,130.391,1,259.127,210.123,1,250.749,281.288,1,253.535,305.775,1,244.948,303.123,1
389,25.899403,1,348.946,149.041,1,276.275,129.174,1,258.575,209.406,1,251.572,281.856,1,254.269,307.873,1,246.690,305.036,1
390,25.966240,1,347.718,142.418,1,273.721,126.191,1,257.334,209.036,1,256.906,282.799,1,261.728,309.594,1,253.521,308.016,1
391,26.033078,1,346.590,133.339,1,269.637,112.279,1,251.097,195.042,1,261.103,271.226,1,263.742,300.540,1,257.660,298.623,1
392,26.099915,1,343.450,116.928,1,263.552,95.387,1,248.203,180.912,1,264.648,246.088,1,279.886,267.180,1,269.293,271.189,1
